category,ticker,fund_name,current_map,expected,status,confidence
Defined,AAPR US,INNOVATOR EQUITY DEFINED PROTECTION ETF - 2 YR TO APRIL 2028,Buffer,Buffer,OK,HIGH
Defined,ABUF US,APTUS LADDERED BUFFER ETF,Buffer,Ladder,MISMATCH,HIGH
Defined,AIOO US,ALLIANZIM U.S. EQUITY BUFFER100 PROTECTION ETF,Buffer,Buffer,OK,HIGH
Defined,AJAN US,INNOVATOR EQUITY DEFINED PROTECTION ETF - 2 YR TO JANUARY 2028,Buffer,Buffer,OK,HIGH
Defined,AJUL US,INNOVATOR EQUITY DEFINED PROTECTION ETF - 2 YR TO JULY 2026,Buffer,Buffer,OK,HIGH
Defined,AOCT US,INNOVATOR EQUITY DEFINED PROTECTION ETF - 2 YR TO OCTOBER 2026,Buffer,Buffer,OK,HIGH
Defined,APOC US,INNOVATOR EQUITY DEFINED PROTECTION ETF - 6 MO APR/OCT,Buffer,Buffer,OK,HIGH
Defined,APRB US,APTUS APRIL BUFFER ETF,Buffer,Buffer,OK,HIGH
Defined,APRH US,INNOVATOR PREMIUM INCOME 20 BARRIER ETF - APRIL,Barrier,Barrier,OK,HIGH
Defined,APRJ US,INNOVATOR PREMIUM INCOME 30 BARRIER ETF - APRIL,Barrier,Barrier,OK,HIGH
Defined,APRP US,PGIM S&P 500 BUFFER 12 ETF - APRIL,Buffer,Buffer,OK,HIGH
Defined,APRT US,ALLIANZIM US EQUITY BUFFER10 APR ETF,Buffer,Buffer,OK,HIGH
Defined,APRW US,ALLIANZIM US EQ BUFFER20 APR,Buffer,Buffer,OK,HIGH
Defined,APRZ US,ELEVATION SERIES TRUST - TRUESHARES STRUCTURED OUTCOME APRIL ETF,Outcome,Outcome,OK,MEDIUM
Defined,APXM US,FT VEST US EQUITY MAX BUFFER ETF - APRIL,Buffer,Buffer,OK,HIGH
Defined,ARKD US,ARK DIET Q1 BUFFER ETF,Buffer,Buffer,OK,HIGH
Defined,ARKI US,ARK DIET Q2 BUFFER ETF,Buffer,Buffer,OK,HIGH
Defined,ARKT US,ARK DIET Q4 BUFFER ETF,Buffer,Buffer,OK,HIGH
Defined,ARLI US,ALLIANZIM INTERNATIONAL EQUITY BUFFER15 UNCAPPED APR ETF,Buffer,Buffer,OK,HIGH
Defined,ARLU US,ALLIANZIM US EQUITY BUFFER15 UNCAPPED APR ETF,Buffer,Buffer,OK,HIGH
Defined,AUGM US,FT VEST US EQUITY MAX BUFFER ETF - AUGUST,Buffer,Buffer,OK,HIGH
Defined,AUGP US,PGIM S&P 500 BUFFER 12 ETF - AUGUST,Buffer,Buffer,OK,HIGH
Defined,AUGT US,ALLIANZIM US EQUITY BUFFER10 AUG ETF,Buffer,Buffer,OK,HIGH
Defined,AUGU US,ALLIANZIM U.S. EQUITY BUFFER15 UNCAPPED AUG ETF,Buffer,Buffer,OK,HIGH
Defined,AUGW US,ALLIANZIM US EQ BUFFER20 AUG,Buffer,Buffer,OK,HIGH
Defined,AUGZ US,TRUESHARES STRUCTURED OUTCOME AUGUST ETF,Outcome,Outcome,OK,MEDIUM
Defined,BALT US,INNOVATOR DEFINED WEALTH SHIELD ETF,Buffer,Buffer,OK,MEDIUM
Defined,BAPR US,INNOVATOR U.S. EQUITY BUFFER ETF APRIL,Buffer,Buffer,OK,HIGH
Defined,BAUG US,INNOVATOR U.S. EQUITY BUFFER ETF - AUGUST,Buffer,Buffer,OK,HIGH
Defined,BDEC US,INNOVATOR U.S. EQUITY BUFFER ETF -DECEMBER,Buffer,Buffer,OK,HIGH
Defined,BFAP US,FT VEST BITCOIN STRATEGY FLOOR15 ETF - APRIL,Floor,,UNCLEAR,LOW
Defined,BFEB US,INNOVATOR U.S. EQUITY BUFFER ETF - FEBRUARY,Buffer,Buffer,OK,HIGH
Defined,BFJA US,FT VEST BITCOIN STRATEGY FLOOR15 ETF - JANUARY,Floor,,UNCLEAR,LOW
Defined,BFJL US,FT VEST BITCOIN STRATEGY FLOOR15 ETF - JULY,Floor,,UNCLEAR,LOW
Defined,BFLB US,BUFFERLABS US EQUITY DYNAMIC BUFFER ETF,Buffer,Buffer,OK,HIGH
Defined,BFOC US,FT VEST BITCOIN STRATEGY FLOOR15 ETF - OCTOBER,Floor,,UNCLEAR,LOW
Defined,BFRZ US,INNOVATOR EQUITY MANAGED 100 BUFFER ETF,Buffer,Buffer,OK,HIGH
Defined,BGLD US,FT VEST GOLD STRATEGY QUARTERLY BUFFER ETF,Buffer,Buffer,OK,HIGH
Defined,BJAN US,INNOVATOR U.S. EQUITY BUFFER ETF - JANUARY,Buffer,Buffer,OK,HIGH
Defined,BJUL US,INNOVATOR U.S. EQUITY BUFFER ETF - JULY,Buffer,Buffer,OK,HIGH
Defined,BJUN US,INNOVATOR U.S. EQUITY BUFFER ETF - JUNE,Buffer,Buffer,OK,HIGH
Defined,BMAR US,INNOVATOR U.S. EQUITY BUFFER ETF - MARCH,Buffer,Buffer,OK,HIGH
Defined,BMAY US,INNOVATOR U.S. EQUITY BUFFER ETF - MAY,Buffer,Buffer,OK,HIGH
Defined,BNOV US,INNOVATOR U.S. EQUITY BUFFER ETF - NOVEMBER,Buffer,Buffer,OK,HIGH
Defined,BOCT US,INNOVATOR U.S. EQUITY BUFFER ETF - OCTOBER,Buffer,Buffer,OK,HIGH
Defined,BSEP US,INNOVATOR U.S. EQUITY BUFFER ETF - SEPTEMBER,Buffer,Buffer,OK,HIGH
Defined,BSTP US,INNOVATOR BUFFER STEP-UP STRATEGY ETF,Buffer,Buffer,OK,HIGH
Defined,BUFB US,INNOVATOR LADDERED ALLOCATION BUFFER ETF,Ladder,Ladder,OK,HIGH
Defined,BUFC US,AB CONSERVATIVE BUFFER ETF,Buffer,Buffer,OK,HIGH
Defined,BUFD US,FT VEST LADDERED DEEP BUFFER ETF,Ladder,Ladder,OK,HIGH
Defined,BUFF US,INNOVATOR LADDERED ALLOCATION POWER BUFFER ETF,Ladder,Ladder,OK,HIGH
Defined,BUFG US,FT VEST BUFFERED ALLOCATION GROWTH ETF,Buffer,,UNCLEAR,LOW
Defined,BUFH US,FT VEST LADDERED MAX BUFFER ETF,Ladder,Ladder,OK,HIGH
Defined,BUFI US,AB INTERNATIONAL BUFFER ETF,Buffer,Buffer,OK,HIGH
Defined,BUFM US,AB MODERATE BUFFER ETF,Buffer,Buffer,OK,HIGH
Defined,BUFP US,PGIM LADDERED S&P 500 BUFFER 12 ETF,Ladder,Ladder,OK,HIGH
Defined,BUFQ US,FT VEST LADDERED NASDAQ BUFFER ETF,Ladder,Ladder,OK,HIGH
Defined,BUFR US,FT VEST LADDERED BUFFER ETF,Ladder,Ladder,OK,HIGH
Defined,BUFS US,FT VEST LADDERED SMALL CAP MODERATE BUFFER ETF,Ladder,Ladder,OK,HIGH
Defined,BUFT US,FT VEST BUFFERED ALLOCATION DEFENSIVE ETF,Buffer,,UNCLEAR,LOW
Defined,BUFX US,FT VEST LADDERED ENHANCE & MODERATE BUFFER ETF,Ladder,Ladder,OK,HIGH
Defined,BUFY US,FT VEST LADDERED INTERNATIONAL MODERATE BUFFER ETF,Ladder,Ladder,OK,HIGH
Defined,BUFZ US,FT VEST LADDERED MODERATE BUFFER ETF,Ladder,Ladder,OK,HIGH
Defined,CBOA US,CALAMOS BITCOIN STRUCTURED ALT PROTECTION ETF - APRIL,Buffer,,UNCLEAR,LOW
Defined,CBOJ US,CALAMOS BITCOIN STRUCTURED ALT PROTECTION ETF - JANUARY,Buffer,,UNCLEAR,LOW
Defined,CBOL US,CALAMOS LADDERED BITCOIN STRUCTURED ALT PROTECTION ETF,Ladder,Ladder,OK,HIGH
Defined,CBOO US,CALAMOS BITCOIN STRUCTURED ALT PROTECTION ETF - OCTOBER,Buffer,,UNCLEAR,LOW
Defined,CBOY US,CALAMOS BITCOIN STRUCTURED ALT PROTECTION ETF - JULY,Buffer,,UNCLEAR,LOW
Defined,CBTA US,CALAMOS BITCOIN 80 SERIES STRUCTURED ALT PROTECTION ETF - APRIL,Buffer,,UNCLEAR,LOW
Defined,CBTJ US,CALAMOS BITCOIN 80% PROTECTION STRATEGY ETF - JANUARY,Buffer,,UNCLEAR,LOW
Defined,CBTL US,CALAMOS LADDERED BITCOIN 80 SERIES STRUCTURED ALT PROTECTION ETF,Ladder,Ladder,OK,HIGH
Defined,CBTO US,CALAMOS BITCOIN 80 SERIES STRUCTURED ALT PROTECTION ETF - OCTOBER,Buffer,,UNCLEAR,LOW
Defined,CBTY US,CALAMOS BITCOIN 80 SERIES STRUCTURED ALT PROTECTION ETF - JULY,Buffer,,UNCLEAR,LOW
Defined,CBXA US,CALAMOS BITCOIN 90 SERIES STRUCTURED ALT PROTECTION ETF - APRIL,Buffer,,UNCLEAR,LOW
Defined,CBXJ US,CALAMOS BITCOIN 90% PROTECTION STRATEGY ETF - JANUARY,Buffer,,UNCLEAR,LOW
Defined,CBXL US,CALAMOS LADDERED BITCOIN 90 SERIES STRUCTURED ALT PROTECTION ETF,Ladder,Ladder,OK,HIGH
Defined,CBXO US,CALAMOS BITCOIN 90 SERIES STRUCTURED ALT PROTECTION ETF - OCTOBER,Buffer,,UNCLEAR,LOW
Defined,CBXY US,CALAMOS BITCOIN 90 SERIES STRUCTURED ALT PROTECTION ETF - JULY,Buffer,,UNCLEAR,LOW
Defined,CPNJ US,CALAMOS NASDAQ - 100 STRUCTURED ALT PROTECTION ETF - JUNE,Buffer,,UNCLEAR,LOW
Defined,CPNM US,CALAMOS NASDAQ 100 STRUCTURED ALT PROTECTION ETF - MARCH,Buffer,,UNCLEAR,LOW
Defined,CPNQ US,CALAMOS NASDAQ 100 STRUCTURED ALT PROTECTION ETF - DECEMBER,Buffer,,UNCLEAR,LOW
Defined,CPNS US,CALAMOS NASDAQ - 100 STRUCTURED ALT PROTECTION ETF - SEPTEMBER,Buffer,,UNCLEAR,LOW
Defined,CPRA US,CALAMOS RUSSELL 2000 STRUCTURED ALT PROTECTION ETF - APRIL,Buffer,,UNCLEAR,LOW
Defined,CPRJ US,CALAMOS RUSSELL 2000 STRUCTURED ALT PROTECTION ETF - JULY,Buffer,,UNCLEAR,LOW
Defined,CPRO US,CALAMOS RUSSELL 2000 STRUCTURED ALT PROTECTION ETF - OCTOBER,Buffer,,UNCLEAR,LOW
Defined,CPRY US,CALAMOS RUSSELL 2000 STRUCTURED ALT PROTECTION ETF - JANUARY,Buffer,,UNCLEAR,LOW
Defined,CPSA US,CALAMOS S&P 500 STRUCTURED ALT PROTECTION ETF - AUGUST,Buffer,,UNCLEAR,LOW
Defined,CPSD US,CALAMOS S&P 500 STRUCTURED ALT PROTECTION ETF - DECEMBER,Buffer,,UNCLEAR,LOW
Defined,CPSF US,CALAMOS S&P 500 STRUCTURED ALT PROTECTION ETF - FEBRUARY,Buffer,,UNCLEAR,LOW
Defined,CPSJ US,CALAMOS S&P 500 STRUCTURED ALT PROTECTION ETF - JULY,Buffer,,UNCLEAR,LOW
Defined,CPSL US,CALAMOS LADDERED S&P 500 STRUCTURED ALT PROTECTION ETF,Ladder,Ladder,OK,HIGH
Defined,CPSM US,CALAMOS S&P 500 STRUCTURED ALT PROTECTION ETF - MAY,Buffer,,UNCLEAR,LOW
Defined,CPSN US,CALAMOS S&P 500 STRUCTURED ALT PROTECTION ETF - NOVEMBER,Buffer,,UNCLEAR,LOW
Defined,CPSO US,CALAMOS S&P 500 STRUCTURED ALT PROTECTION ETF - OCTOBER,Buffer,,UNCLEAR,LOW
Defined,CPSP US,CALAMOS S&P 500 STRUCTURED ALT PROTECTION ETF - APRIL,Buffer,,UNCLEAR,LOW
Defined,CPSR US,CALAMOS S&P 500 STRUCTURED ALT PROTECTION ETF - MARCH,Buffer,,UNCLEAR,LOW
Defined,CPST US,CALAMOS S&P 500 STRUCTURED ALT PROTECTION ETF - SEPTEMBER,Buffer,,UNCLEAR,LOW
Defined,CPSU US,CALAMOS S&P 500 STRUCTURED ALT PROTECTION ETF - JUNE,Buffer,,UNCLEAR,LOW
Defined,CPSY US,CALAMOS S&P 500 STRUCTURED ALT PROTECTION ETF - JANUARY,Buffer,,UNCLEAR,LOW
Defined,DAPR US,FT VEST U.S. EQUITY DEEP BUFFER ETF - APRIL,Buffer,Buffer,OK,HIGH
Defined,DAUG US,FT VEST U.S. EQUITY DEEP BUFFER ETF - AUGUST,Buffer,Buffer,OK,HIGH
Defined,DDEC US,FT VEST US EQUITY DEEP BUFFER ETF - DECEMBER,Buffer,Buffer,OK,HIGH
Defined,DDFA US,INNOVATOR EQUITY DUAL DIRECTIONAL 15 BUFFER ETF - APRIL,Buffer,Dual Buffer,MISMATCH,HIGH
Defined,DDFD US,INNOVATOR EQUITY DUAL DIRECTIONAL 15 BUFFER ETF - DECEMBER,Dual Buffer,Dual Buffer,OK,HIGH
Defined,DDFF US,INNOVATOR EQUITY DUAL DIRECTIONAL 15 BUFFER ETF - FEBRUARY,Dual Buffer,Dual Buffer,OK,HIGH
Defined,DDFJ US,INNOVATOR EQUITY DUAL DIRECTIONAL 15 BUFFER ETF - JANUARY,Dual Buffer,Dual Buffer,OK,HIGH
Defined,DDFL US,INNOVATOR EQUITY DUAL DIRECTIONAL 15 BUFFER ETF - JULY,Dual Buffer,Dual Buffer,OK,HIGH
Defined,DDFM US,INNOVATOR EQUITY DUAL DIRECTIONAL 15 BUFFER ETF - MARCH,Dual Buffer,Dual Buffer,OK,HIGH
Defined,DDFN US,INNOVATOR EQUITY DUAL DIRECTIONAL 15 BUFFER ETF - NOVEMBER,Dual Buffer,Dual Buffer,OK,HIGH
Defined,DDFO US,INNOVATOR EQUITY DUAL DIRECTIONAL 15 BUFFER ETF - OCTOBER,Dual Buffer,Dual Buffer,OK,HIGH
Defined,DDFS US,INNOVATOR EQUITY DUAL DIRECTIONAL 15 BUFFER ETF - SEPTEMBER,Dual Buffer,Dual Buffer,OK,HIGH
Defined,DDNQ US,INNOVATOR GROWTH-100 DUAL DIRECTIONAL 5 BUFFER ETF - QUARTERLY,Dual Buffer,Dual Buffer,OK,HIGH
Defined,DDSQ US,INNOVATOR EQUITY DUAL DIRECTIONAL 5 BUFFER ETF - QUARTERLY,Dual Buffer,Dual Buffer,OK,HIGH
Defined,DDTA US,INNOVATOR EQUITY DUAL DIRECTIONAL 10 BUFFER ETF - APRIL,Buffer,Dual Buffer,MISMATCH,HIGH
Defined,DDTD US,INNOVATOR EQUITY DUAL DIRECTIONAL 10 BUFFER ETF - DECEMBER,Dual Buffer,Dual Buffer,OK,HIGH
Defined,DDTF US,INNOVATOR EQUITY DUAL DIRECTIONAL 10 BUFFER ETF - FEBRUARY,Dual Buffer,Dual Buffer,OK,HIGH
Defined,DDTJ US,INNOVATOR EQUITY DUAL DIRECTIONAL 10 BUFFER ETF - JANUARY,Dual Buffer,Dual Buffer,OK,HIGH
Defined,DDTL US,INNOVATOR EQUITY DUAL DIRECTIONAL 10 BUFFER ETF - JULY,Dual Buffer,Dual Buffer,OK,HIGH
Defined,DDTM US,INNOVATOR EQUITY DUAL DIRECTIONAL 10 BUFFER ETF - MARCH,Dual Buffer,Dual Buffer,OK,HIGH
Defined,DDTN US,INNOVATOR EQUITY DUAL DIRECTIONAL 10 BUFFER ETF - NOVEMBER,Dual Buffer,Dual Buffer,OK,HIGH
Defined,DDTO US,INNOVATOR EQUITY DUAL DIRECTIONAL 10 BUFFER ETF - OCTOBER,Dual Buffer,Dual Buffer,OK,HIGH
Defined,DDTS US,INNOVATOR EQUITY DUAL DIRECTIONAL 10 BUFFER ETF - SEPTEMBER,Dual Buffer,Dual Buffer,OK,HIGH
Defined,DECM US,FT VEST US EQUITY MAX BUFFER ETF - DECEMBER,Buffer,Buffer,OK,HIGH
Defined,DECP US,PGIM S&P 500 BUFFER 12 ETF - DECEMBER,Buffer,Buffer,OK,HIGH
Defined,DECT US,ALLIANZIM US EQUITY BUFFER10 DEC ETF,Buffer,Buffer,OK,HIGH
Defined,DECU US,ALLIANZIM US EQUITY BUFFER15 UNCAPPED DEC ETF,Buffer,Buffer,OK,HIGH
Defined,DECW US,ALLIANZIM US EQ BUFFER20 DEC,Buffer,Buffer,OK,HIGH
Defined,DECZ US,ELEVATION SERIES TRUST - TRUESHARES STRUCTURED OUTCOME DECEMBER ETF,Outcome,Outcome,OK,MEDIUM
Defined,DFEB US,FT VEST US EQUITY DEEP BUFFER ETF - FEBRUARY,Buffer,Buffer,OK,HIGH
Defined,DGJA US,FT VEST US EQUITY BUFFER & DIGITAL RETURN ETF - JANUARY,Buffer,Buffer,OK,HIGH
Defined,DGOC US,FT VEST US EQUITY BUFFER & DIGITAL RETURN ETF - OCTOBER,Buffer,Buffer,OK,HIGH
Defined,DHDG US,FT VEST US EQUITY QUARTERLY 2.5 TO 15 BUFFER ETF,Buffer,Buffer,OK,HIGH
Defined,DHSB US,DAY HAGAN SMART BUFFER ETF,Buffer,Buffer,OK,HIGH
Defined,DJAN US,FT VEST U.S. EQUITY DEEP BUFFER ETF - JANUARY,Buffer,Buffer,OK,HIGH
Defined,DJUL US,FT VEST US EQUITY DEEP BUFFER ETF - JULY,Buffer,Buffer,OK,HIGH
Defined,DJUN US,FT VEST US EQUITY DEEP BUFFER ETF - JUNE,Buffer,Buffer,OK,HIGH
Defined,DLAG US,FT VEST US EQUITY DUAL DIRECTIONAL BUFFER ETF - AUGUST,Buffer,Dual Buffer,MISMATCH,HIGH
Defined,DLFE US,FT VEST US EQUITY DUAL DIRECTIONAL BUFFER ETF - FEBRUARY,Dual Buffer,Dual Buffer,OK,HIGH
Defined,DLNV US,FT VEST US EQUITY DUAL DIRECTIONAL BUFFER ETF - NOVEMBER,Buffer,Dual Buffer,MISMATCH,HIGH
Defined,DMAR US,FT VEST US EQUITY DEEP BUFFER ETF - MARCH,Buffer,Buffer,OK,HIGH
Defined,DMAX US,ISHARES LARGE CAP MAX BUFFER DEC ETF,Buffer,Buffer,OK,HIGH
Defined,DMAY US,FT VEST US EQUITY DEEP BUFFER ETF - MAY,Buffer,Buffer,OK,HIGH
Defined,DNOV US,FT VEST US EQUITY DEEP BUFFER ETF - NOVEMBER,Buffer,Buffer,OK,HIGH
Defined,DOCT US,FT VEST US EQUITY DEEP BUFFER ETF - OCTOBER,Buffer,Buffer,OK,HIGH
Defined,DRSK US,APTUS DEFINED RISK ETF,Defined Risk,Defined Risk,OK,HIGH
Defined,DSEP US,FT VEST US EQUITY DEEP BUFFER ETF - SEPTEMBER,Buffer,Buffer,OK,HIGH
Defined,DVIN US,WEBS INDUSTRIALS XLI DEFINED VOLATILITY ETF,Defined Volatility,Defined Volatility,OK,HIGH
Defined,DVQQ US,WEBS QQQ DEFINED VOLATILITY ETF,Defined Volatility,Defined Volatility,OK,HIGH
Defined,DVRE US,WEBS REAL ESTATE XLRE DEFINED VOLATILITY ETF,Defined Volatility,Defined Volatility,OK,HIGH
Defined,DVSP US,WEBS SPY DEFINED VOLATILITY ETF,Defined Volatility,Defined Volatility,OK,HIGH
Defined,DVUT US,WEBS UTILITIES XLU DEFINED VOLATILITY ETF,Defined Volatility,Defined Volatility,OK,HIGH
Defined,DVXB US,WEBS MATERIALS XLB DEFINED VOLATILITY ETF,Defined Volatility,Defined Volatility,OK,HIGH
Defined,DVXC US,WEBS COMMUNICATION SERVICES XLC DEFINED VOLATILITY ETF,Defined Volatility,Defined Volatility,OK,HIGH
Defined,DVXE US,WEBS ENERGY XLE DEFINED VOLATILITY ETF,Defined Volatility,Defined Volatility,OK,HIGH
Defined,DVXF US,WEBS FINANCIAL XLF DEFINED VOLATILITY ETF,Defined Volatility,Defined Volatility,OK,HIGH
Defined,DVXK US,WEBS TECHNOLOGY XLK DEFINED VOLATILITY ETF,Defined Volatility,Defined Volatility,OK,HIGH
Defined,DVXP US,WEBS CONSUMER STAPLES XLP DEFINED VOLATILITY ETF,Defined Volatility,Defined Volatility,OK,HIGH
Defined,DVXV US,WEBS HEALTH CARE XLV DEFINED VOLATILITY ETF,Defined Volatility,Defined Volatility,OK,HIGH
Defined,DVXY US,WEBS CONSUMER DISCRETIONARY XLY DEFINED VOLATILITY ETF,Defined Volatility,Defined Volatility,OK,HIGH
Defined,EALT US,INNOVATOR US EQUITY 5 TO 15 BUFFER ETF-QUARTERLY,Buffer,Buffer,OK,HIGH
Defined,EAPR US,INNOVATOR EMERGING MARKETS POWER BUFFER ETF - APRIL,Buffer,Buffer,OK,HIGH
Defined,EBUF US,INNOVATOR EMERGING MARKETS 10 BUFFER ETF - QUARTERLY,Buffer,Buffer,OK,HIGH
Defined,EJAN US,INNOVATOR EMERGING MARKETS POWER BUFFER ETF - JANUARY,Buffer,Buffer,OK,HIGH
Defined,EJUL US,INNOVATOR EMERGING MARKETS POWER BUFFER ETF - JULY,Buffer,Buffer,OK,HIGH
Defined,EOCT US,INNOVATOR EMERGING MARKETS POWER BUFFER ETF-OCTOBER,Buffer,Buffer,OK,HIGH
Defined,FAPR US,FT VEST US EQUITY BUFFER ETF - APRIL,Buffer,Buffer,OK,HIGH
Defined,FAUG US,FT VEST US EQUITY BUFFER ETF - AUGUST,Buffer,Buffer,OK,HIGH
Defined,FB US,PROSHARES S&P 500 DYNAMIC BUFFER ETF,Buffer,Buffer,OK,HIGH
Defined,FBUF US,FIDELITY DYNAMIC BUFFERED EQUITY ETF,Buffer,,UNCLEAR,LOW
Defined,FDEC US,FT VEST US EQUITY BUFFER ETF - DECEMBER,Buffer,Buffer,OK,HIGH
Defined,FEBM US,FT VEST US EQUITY MAX BUFFER ETF - FEBRUARY,Buffer,Buffer,OK,HIGH
Defined,FEBP US,PGIM S&P 500 BUFFER 12 ETF - FEBRUARY,Buffer,Buffer,OK,HIGH
Defined,FEBT US,ALLIANZIM US EQUITY BUFFER10 FEB ETF,Buffer,Buffer,OK,HIGH
Defined,FEBU US,ALLIANZIM US EQUITY BUFFER15 UNCAPPED FEB ETF,Buffer,Buffer,OK,HIGH
Defined,FEBW US,ALLIANZIM US EQ BUFFER20 FEB,Buffer,Buffer,OK,HIGH
Defined,FEBZ US,ELEVATION SERIES TRUST - TRUESHARES STRUCTURED OUTCOME FEBRUARY ETF,Outcome,Outcome,OK,MEDIUM
Defined,FFEB US,FT VEST US EQUITY BUFFER ETF - FEBRUARY,Buffer,Buffer,OK,HIGH
Defined,FHDG US,FT VEST US EQUITY QUARTERLY DYNAMIC BUFFER ETF,Buffer,Buffer,OK,HIGH
Defined,FHEQ US,FIDELITY HEDGED EQUITY ETF,Hedged Equity,Hedged Equity,OK,HIGH
Defined,FJAN US,FT VEST U.S. EQUITY BUFFER ETF - JANUARY,Buffer,Buffer,OK,HIGH
Defined,FJUL US,FT VEST US EQUITY BUFFER ETF - JULY,Buffer,Buffer,OK,HIGH
Defined,FJUN US,FT VEST US EQUITY BUFFER ETF - JUNE,Buffer,Buffer,OK,HIGH
Defined,FLAO US,ALLIANZIM US EQUITY 6 MONTH FLOOR5 APR/OCT ETF,Floor,,UNCLEAR,LOW
Defined,FLJJ US,ALLIANZIM US EQUITY 6 MONTH FLOOR5 JAN/JUL ETF,Floor,,UNCLEAR,LOW
Defined,FMAR US,FT VEST US EQUITY BUFFER ETF - MARCH,Buffer,Buffer,OK,HIGH
Defined,FMAY US,FT VEST US EQUITY BUFFER ETF - MAY,Buffer,Buffer,OK,HIGH
Defined,FNOV US,FT VEST US EQUITY BUFFER ETF - NOVEMBER,Buffer,Buffer,OK,HIGH
Defined,FOCT US,FT VEST US EQUITY BUFFER ETF - OCTOBER,Buffer,Buffer,OK,HIGH
Defined,FSEP US,FT VEST US EQUITY BUFFER ETF - SEPTEMBER,Buffer,Buffer,OK,HIGH
Defined,GAPR US,FT VEST US EQUITY MODERATE BUFFER ETF - APRIL,Buffer,Buffer,OK,HIGH
Defined,GAUG US,FT VEST US EQUITY MODERATE BUFFER ETF - AUGUST,Buffer,Buffer,OK,HIGH
Defined,GDEC US,FT VEST US EQUITY MODERATE BUFFER ETF - DECEMBER,Buffer,Buffer,OK,HIGH
Defined,GFEB US,FT VEST US EQUITY MODERATE BUFFER ETF - FEBRUARY,Buffer,Buffer,OK,HIGH
Defined,GJAN US,FT VEST US EQUITY MODERATE BUFFER ETF - JANUARY,Buffer,Buffer,OK,HIGH
Defined,GJUL US,FT VEST US EQUITY MODERATE BUFFER ETF - JULY,Buffer,Buffer,OK,HIGH
Defined,GJUN US,FT VEST US EQUITY MODERATE BUFFER ETF - JUNE,Buffer,Buffer,OK,HIGH
Defined,GMAR US,FT VEST US EQUITY MODERATE BUFFER ETF - MARCH,Buffer,Buffer,OK,HIGH
Defined,GMAY US,FT VEST US EQUITY MODERATE BUFFER ETF - MAY,Buffer,Buffer,OK,HIGH
Defined,GNOV US,FT VEST US EQUITY MODERATE BUFFER ETF - NOVEMBER,Buffer,Buffer,OK,HIGH
Defined,GOCT US,FT VEST US EQUITY MODERATE BUFFER ETF - OCTOBER,Buffer,Buffer,OK,HIGH
Defined,GSEP US,FT VEST US EQUITY MODERATE BUFFER ETF - SEPTEMBER,Buffer,Buffer,OK,HIGH
Defined,HELO US,JPMORGAN HEDGED EQUITY LADDERED OVERLAY ETF,Ladder,Ladder,OK,HIGH
Defined,HEQQ US,JPMORGAN NASDAQ HEDGED EQUITY LADDERED OVERLAY ETF,Ladder,Ladder,OK,HIGH
Defined,HOLA US,JPMORGAN INTERNATIONAL HEDGED EQUITY LADDERED OVERLAY ETF,Ladder,Ladder,OK,HIGH
Defined,IAPR US,INNOVATOR INTERNATIONAL DEVELOPED POWER BUFFER ETF - APRIL,Buffer,Buffer,OK,HIGH
Defined,IAUG US,INNOVATOR INTERNATIONAL DEVELOPED POWER BUFFER ETF - AUGUST,Buffer,Buffer,OK,HIGH
Defined,IBUF US,INNOVATOR INTERNATIONAL DEVELOPED 10 BUFFER ETF - QUARTERLY,Buffer,Buffer,OK,HIGH
Defined,IDEC US,INNOVATOR INTERNATIONAL DEVELOPED POWER BUFFER ETF - DECEMBER,Buffer,Buffer,OK,HIGH
Defined,IFEB US,INNOVATOR INTERNATIONAL DEVELOPED POWER BUFFER ETF - FEBRUARY,Buffer,Buffer,OK,HIGH
Defined,IFLR US,INNOVATOR INTERNATIONAL DEVELOPED MANAGED FLOOR ETF,Floor,Floor,OK,HIGH
Defined,IJAN US,INNOVATOR INTERNATIONAL DEVELOPED POWER BUFFER ETF - JANUARY,Buffer,Buffer,OK,HIGH
Defined,IJUL US,INNOVATOR INTERNATIONAL DEVELOPED POWER BUFFER ETF - JULY,Buffer,Buffer,OK,HIGH
Defined,IJUN US,INNOVATOR INTERNATIONAL DEVELOPED POWER BUFFER ETF - JUNE,Buffer,Buffer,OK,HIGH
Defined,IMAR US,INNOVATOR INTERNATIONAL DEVELOPED POWER BUFFER ETF - MARCH,Buffer,Buffer,OK,HIGH
Defined,IMAY US,INNOVATOR INTERNATIONAL DEVELOPED POWER BUFFER ETF - MAY,Buffer,Buffer,OK,HIGH
Defined,INOV US,INNOVATOR INTERNATIONAL DEVELOPED POWER BUFFER ETF - NOVEMBER,Buffer,Buffer,OK,HIGH
Defined,IOCT US,INNOVATOR INTERNATIONAL DEVELOPED POWER BUFFER ETF - OCTOBER,Buffer,Buffer,OK,HIGH
Defined,ISEP US,INNOVATOR INTERNATIONAL DEVELOPED POWER BUFFER ETF-SEPTEMBER,Buffer,Buffer,OK,HIGH
Defined,IVVB US,ISHARES LARGE CAP DEEP QUARTERLY LADDERED ETF,Ladder,Ladder,OK,HIGH
Defined,IVVM US,ISHARES LARGE CAP MODERATE QUARTERLY LADDERED ETF,Ladder,Ladder,OK,HIGH
Defined,JAJL US,INNOVATOR EQUITY DEFINED PROTECTION ETF - 6 MO JAN/JUL,Buffer,Buffer,OK,HIGH
Defined,JANB US,APTUS JANUARY BUFFER ETF,Buffer,Buffer,OK,HIGH
Defined,JANH US,INNOVATOR PREMIUM INCOME 20 BARRIER ETF - JANUARY,Barrier,Barrier,OK,HIGH
Defined,JANI US,ALLIANZIM INTERNATIONAL EQUITY BUFFER15 UNCAPPED JAN ETF,Buffer,Buffer,OK,HIGH
Defined,JANJ US,INNOVATOR PREMIUM INCOME 30 BARRIER ETF - JANUARY,Barrier,Barrier,OK,HIGH
Defined,JANM US,FT VEST US EQUITY MAX BUFFER ETF - JANUARY,Buffer,Buffer,OK,HIGH
Defined,JANP US,PGIM S&P 500 BUFFER 12 ETF - JANUARY,Buffer,Buffer,OK,HIGH
Defined,JANT US,ALLIANZIM US EQUITY BUFFER10 JAN ETF,Buffer,Buffer,OK,HIGH
Defined,JANU US,ALLIANZIM US EQUITY BUFFER15 UNCAPPED JAN ETF,Buffer,Buffer,OK,HIGH
Defined,JANW US,ALLIANZIM US EQ BUFFER20 JAN,Buffer,Buffer,OK,HIGH
Defined,JANZ US,ELEVATION SERIES TRUST - TRUESHARES STRUCTURED OUTCOME JANUARY ETF,Outcome,Outcome,OK,MEDIUM
Defined,JNEU US,ALLIANZIM US EQUITY BUFFER15 UNCAPPED JUN ETF,Buffer,Buffer,OK,HIGH
Defined,JULB US,APTUS JULY BUFFER ETF,Buffer,Buffer,OK,HIGH
Defined,JULH US,INNOVATOR PREMIUM INCOME 20 BARRIER ETF-JULY,Barrier,Barrier,OK,HIGH
Defined,JULJ US,INNOVATOR PREMIUM INCOME 30 BARRIER ETF-JULY,Barrier,Barrier,OK,HIGH
Defined,JULM US,FT VEST US EQUITY MAX BUFFER ETF - JULY,Buffer,Buffer,OK,HIGH
Defined,JULP US,PGIM S&P 500 BUFFER 12 ETF - JULY,Buffer,Buffer,OK,HIGH
Defined,JULT US,ALLIANZIM US EQUITY BUFFER10 JUL ETF,Buffer,Buffer,OK,HIGH
Defined,JULU US,ALLIANZIM US EQUITY BUFFER15 UNCAPPED JUL ETF,Buffer,Buffer,OK,HIGH
Defined,JULW US,ALLIANZIM US EQ BUFFER20 JUL,Buffer,Buffer,OK,HIGH
Defined,JULZ US,TRUESHARES STRUCTURED OUTCOME JULY ETF,Outcome,Outcome,OK,MEDIUM
Defined,JUNM US,FT VEST US EQUITY MAX BUFFER ETF - JUNE,Buffer,Buffer,OK,HIGH
Defined,JUNP US,PGIM S&P 500 BUFFER 12 ETF - JUNE,Buffer,Buffer,OK,HIGH
Defined,JUNT US,ALLIANZIM US EQUITY BUFFER10 JUN ETF,Buffer,Buffer,OK,HIGH
Defined,JUNW US,ALLIANZIM US EQ BUFFER20 JUN,Buffer,Buffer,OK,HIGH
Defined,JUNZ US,ELEVATION SERIES TRUST - TRUESHARES STRUCTURED OUTCOME JUNE ETF,Outcome,Outcome,OK,MEDIUM
Defined,KAPR US,INNOVATOR U.S. SMALL CAP POWER BUFFER ETF - APRIL,Buffer,Buffer,OK,HIGH
Defined,KAUG US,INNOVATOR US SMALL CAP POWER BUFFER ETF - AUGUST,Buffer,Buffer,OK,HIGH
Defined,KBUF US,KRANESHARES 90% KWEB DEFINED OUTCOME JANUARY 2027 ETF,Buffer,Outcome,MISMATCH,MEDIUM
Defined,KDEC US,INNOVATOR US SMALL CAP POWER BUFFER ETF - DECEMBER,Buffer,Buffer,OK,HIGH
Defined,KFEB US,INNOVATOR US SMALL CAP POWER BUFFER ETF - FEBRUARY,Buffer,Buffer,OK,HIGH
Defined,KIQQ US,KRANESHARES INSPEREX NASDAQ DYNAMIC BUFFERED HIGH INCOME INDEX ETF,Buffer,,UNCLEAR,LOW
Defined,KJAN US,INNOVATOR U.S. SMALL CAP POWER BUFFER ETF - JANUARY,Buffer,Buffer,OK,HIGH
Defined,KJUL US,INNOVATOR U.S. SMALL CAP POWER BUFFER ETF - JULY,Buffer,Buffer,OK,HIGH
Defined,KJUN US,INNOVATOR US SMALL CAP POWER BUFFER ETF - JUNE,Buffer,Buffer,OK,HIGH
Defined,KMAR US,INNOVATOR US SMALL CAP POWER BUFFER ETF - MARCH,Buffer,Buffer,OK,HIGH
Defined,KMAY US,INNOVATOR U.S. SMALL CAP POWER BUFFER ETF - MAY,Buffer,Buffer,OK,HIGH
Defined,KNOV US,INNOVATOR US SMALL CAP POWER BUFFER ETF - NOVEMBER,Buffer,Buffer,OK,HIGH
Defined,KOCT US,INNOVATOR U.S. SMALL CAP POWER BUFFER ETF - OCTOBER,Buffer,Buffer,OK,HIGH
Defined,KPRO US,KRANESHARES 100% KWEB DEFINED OUTCOME JANUARY 2027 ETF,Buffer,Outcome,MISMATCH,MEDIUM
Defined,KSEP US,INNOVATOR US SMALL CAP POWER BUFFER ETF - SEPTEMBER,Buffer,Buffer,OK,HIGH
Defined,LAPR US,INNOVATOR PREMIUM INCOME 15 BUFFER ETF - APRIL,Buffer,Buffer,OK,HIGH
Defined,LJAN US,INNOVATOR PREMIUM INCOME 15 BUFFER ETF - JANUARY,Buffer,Buffer,OK,HIGH
Defined,LJUL US,INNOVATOR PREMIUM INCOME 15 BUFFER ETF - JULY,Buffer,Buffer,OK,HIGH
Defined,LOCT US,INNOVATOR PREMIUM INCOME 15 BUFFER ETF-OCTOBER,Buffer,Buffer,OK,HIGH
Defined,MARM US,FT VEST US EQUITY MAX BUFFER ETF - MARCH,Buffer,Buffer,OK,HIGH
Defined,MART US,ALLIANZIM US EQUITY BUFFER10 MAR ETF,Buffer,Buffer,OK,HIGH
Defined,MARU US,ALLIANZIM US EQUITY BUFFER15 UNCAPPED MAR ETF,Buffer,Buffer,OK,HIGH
Defined,MARW US,ALLIANZIM US EQ BUFFER20 MAR,Buffer,Buffer,OK,HIGH
Defined,MARZ US,ELEVATION SERIES TRUST - TRUESHARES STRUCTURED OUTCOME MARCH ETF,Outcome,Outcome,OK,MEDIUM
Defined,MAXJ US,ISHARES LARGE CAP MAX BUFFER JUN ETF,Buffer,Buffer,OK,HIGH
Defined,MAYM US,FT VEST US EQUITY MAX BUFFER ETF - MAY,Buffer,Buffer,OK,HIGH
Defined,MAYP US,PGIM S&P 500 BUFFER 12 ETF - MAY,Buffer,Buffer,OK,HIGH
Defined,MAYT US,ALLIANZIM US EQUITY BUFFER10 MAY ETF,Buffer,Buffer,OK,HIGH
Defined,MAYU US,ALLIANZIM US EQUITY BUFFER15 UNCAPPED MAY ETF,Buffer,Buffer,OK,HIGH
Defined,MAYW US,ALLIANZIM US EQ BUFFER20 MAY,Buffer,Buffer,OK,HIGH
Defined,MAYZ US,ELEVATION SERIES TRUST - TRUESHARES STRUCTURED OUTCOME MAY ETF,Outcome,Outcome,OK,MEDIUM
Defined,MMAX US,ISHARES LARGE CAP MAX BUFFER MAR ETF,Buffer,Buffer,OK,HIGH
Defined,MRCP US,PGIM S&P 500 BUFFER 12 ETF - MARCH,Buffer,Buffer,OK,HIGH
Defined,NAPR US,INNOVATOR GROWTH 100 POWER BUFFER ETF - APRIL,Buffer,Buffer,OK,HIGH
Defined,NAUG US,INNOVATOR GROWTH-100 POWER BUFFER ETF - AUGUST,Buffer,Buffer,OK,HIGH
Defined,NDEC US,INNOVATOR GROWTH-100 POWER BUFFER ETF - DECEMBER,Buffer,Buffer,OK,HIGH
Defined,NFEB US,INNOVATOR GROWTH-100 POWER BUFFER ETF - FEBRUARY,Buffer,Buffer,OK,HIGH
Defined,NJAN US,INNOVATOR GROWTH 100 POWER BUFFER ETF - JANUARY,Buffer,Buffer,OK,HIGH
Defined,NJUL US,INNOVATOR GROWTH 100 POWER BUFFER ETF - JULY,Buffer,Buffer,OK,HIGH
Defined,NJUN US,INNOVATOR GROWTH-100 POWER BUFFER ETF - JUNE,Buffer,Buffer,OK,HIGH
Defined,NMAR US,INNOVATOR GROWTH-100 POWER BUFFER ETF - MARCH,Buffer,Buffer,OK,HIGH
Defined,NMAY US,INNOVATOR GROWTH-100 POWER BUFFER ETF - MAY,Buffer,Buffer,OK,HIGH
Defined,NNOV US,INNOVATOR GROWTH-100 POWER BUFFER ETF - NOVEMBER,Buffer,Buffer,OK,HIGH
Defined,NOCT US,INNOVATOR GROWTH-100 POWER BUFFER ETF- OCTOBER,Buffer,Buffer,OK,HIGH
Defined,NOVM US,FT VEST US EQUITY MAX BUFFER ETF - NOVEMBER,Buffer,Buffer,OK,HIGH
Defined,NOVP US,PGIM S&P 500 BUFFER 12 ETF - NOVEMBER,Buffer,Buffer,OK,HIGH
Defined,NOVZ US,ELEVATION SERIES TRUST - TRUESHARES STRUCTURED OUTCOME NOVEMBER ETF,Outcome,Outcome,OK,MEDIUM
Defined,NSEP US,INNOVATOR GROWTH-100 POWER BUFFER ETF - SEPTEMBER,Buffer,Buffer,OK,HIGH
Defined,NVBT US,ALLIANZIM US EQUITY BUFFER10 NOV ETF,Buffer,Buffer,OK,HIGH
Defined,NVBU US,ALLIANZIM US EQUITY BUFFER15 UNCAPPED NOV ETF,Buffer,Buffer,OK,HIGH
Defined,NVBW US,ALLIANZIM US EQUITY BUFFER20 NOV ETF,Buffer,Buffer,OK,HIGH
Defined,OCTB US,APTUS OCTOBER BUFFER ETF,Buffer,Buffer,OK,HIGH
Defined,OCTH US,INNOVATOR PREMIUM INCOME 20 BARRIER ETF - OCTOBER,Barrier,Barrier,OK,HIGH
Defined,OCTJ US,INNOVATOR PREMIUM INCOME 30 BARRIER ETF - OCTOBER,Barrier,Barrier,OK,HIGH
Defined,OCTM US,FT VEST US EQUITY MAX BUFFER ETF - OCTOBER,Buffer,Buffer,OK,HIGH
Defined,OCTP US,PGIM S&P 500 BUFFER 12 ETF - OCTOBER,Buffer,Buffer,OK,HIGH
Defined,OCTT US,ALLIANZIM US EQUITY BUFFER10 OCT ETF,Buffer,Buffer,OK,HIGH
Defined,OCTU US,ALLIANZIM US EQUITY BUFFER15 UNCAPPED OCT ETF,Buffer,Buffer,OK,HIGH
Defined,OCTW US,ALLIANZIM US EQ BUFFER20 OCT,Buffer,Buffer,OK,HIGH
Defined,OCTZ US,ELEVATION SERIES TRUST - TRUESHARES STRUCTURED OUTCOME OCTOBER ETF,Outcome,Outcome,OK,MEDIUM
Defined,ONEZ US,TRUESHARES SEASONALITY LADDERED BUFFERED ETF,Ladder,Ladder,OK,HIGH
Defined,PAPR US,INNOVATOR U.S. EQUITY POWER BUFFER ETF - APRIL,Buffer,Buffer,OK,HIGH
Defined,PAUG US,INNOVATOR U.S. EQUITY POWER BUFFER ETF - AUGUST,Buffer,Buffer,OK,HIGH
Defined,PBAP US,PGIM S&P 500 BUFFER 20 ETF - APRIL,Buffer,Buffer,OK,HIGH
Defined,PBAU US,PGIM S&P 500 BUFFER 20 ETF - AUGUST,Buffer,Buffer,OK,HIGH
Defined,PBDE US,PGIM S&P 500 BUFFER 20 ETF - DECEMBER,Buffer,Buffer,OK,HIGH
Defined,PBFB US,PGIM S&P 500 BUFFER 20 ETF - FEBRUARY,Buffer,Buffer,OK,HIGH
Defined,PBFR US,PGIM LADDERED S&P 500 BUFFER 20 ETF,Ladder,Ladder,OK,HIGH
Defined,PBJA US,PGIM S&P 500 BUFFER 20 ETF - JANUARY,Buffer,Buffer,OK,HIGH
Defined,PBJL US,PGIM S&P 500 BUFFER 20 ETF - JULY,Buffer,Buffer,OK,HIGH
Defined,PBJN US,PGIM S&P 500 BUFFER 20 ETF - JUNE,Buffer,Buffer,OK,HIGH
Defined,PBMR US,PGIM S&P 500 BUFFER 20 ETF - MARCH,Buffer,Buffer,OK,HIGH
Defined,PBMY US,PGIM S&P 500 BUFFER 20 ETF - MAY,Buffer,Buffer,OK,HIGH
Defined,PBNV US,PGIM S&P 500 BUFFER 20 ETF - NOVEMBER,Buffer,Buffer,OK,HIGH
Defined,PBOC US,PGIM S&P 500 BUFFER 20 ETF - OCTOBER,Buffer,Buffer,OK,HIGH
Defined,PBQQ US,PGIM LADDERED NASDAQ-100 BUFFER 12 ETF,Ladder,Ladder,OK,HIGH
Defined,PBSE US,PGIM S&P 500 BUFFER 20 ETF - SEPTEMBER,Buffer,Buffer,OK,HIGH
Defined,PDEC US,INNOVATOR U.S. EQUITY POWER BUFFER ETF - DECEMBER,Buffer,Buffer,OK,HIGH
Defined,PFEB US,INNOVATOR U.S. EQUITY POWER BUFFER ETF - FEBRUARY,Buffer,Buffer,OK,HIGH
Defined,PJAN US,INNOVATOR U.S. EQUITY POWER BUFFER ETF - JANUARY,Buffer,Buffer,OK,HIGH
Defined,PJUL US,INNOVATOR U.S. EQUITY POWER BUFFER ETF - JULY,Buffer,Buffer,OK,HIGH
Defined,PJUN US,INNOVATOR U.S. EQUITY POWER BUFFER ETF - JUNE,Buffer,Buffer,OK,HIGH
Defined,PMAP US,PGIM S&P 500 MAX BUFFER ETF - APRIL,Buffer,Buffer,OK,HIGH
Defined,PMAR US,INNOVATOR U.S. EQUITY POWER BUFFER ETF - MARCH,Buffer,Buffer,OK,HIGH
Defined,PMAU US,PGIM S&P 500 MAX BUFFER ETF - AUGUST,Buffer,Buffer,OK,HIGH
Defined,PMAY US,INNOVATOR U.S. EQUITY POWER BUFFER ETF - MAY,Buffer,Buffer,OK,HIGH
Defined,PMDE US,PGIM S&P 500 MAX BUFFER ETF - DECEMBER,Buffer,Buffer,OK,HIGH
Defined,PMFB US,PGIM S&P 500 MAX BUFFER ETF - FEBRUARY,Buffer,Buffer,OK,HIGH
Defined,PMJA US,PGIM S&P 500 MAX BUFFER ETF - JANUARY,Buffer,Buffer,OK,HIGH
Defined,PMJL US,PGIM S&P 500 MAX BUFFER ETF - JULY,Buffer,Buffer,OK,HIGH
Defined,PMJN US,PGIM S&P 500 MAX BUFFER ETF - JUNE,Buffer,Buffer,OK,HIGH
Defined,PMMR US,PGIM S&P 500 MAX BUFFER ETF - MARCH,Buffer,Buffer,OK,HIGH
Defined,PMMY US,PGIM S&P 500 MAX BUFFER ETF - MAY,Buffer,Buffer,OK,HIGH
Defined,PMNV US,PGIM S&P 500 MAX BUFFER ETF - NOVEMBER,Buffer,Buffer,OK,HIGH
Defined,PMOC US,PGIM S&P 500 MAX BUFFER ETF - OCTOBER,Buffer,Buffer,OK,HIGH
Defined,PMSE US,PGIM S&P 500 MAX BUFFER ETF - SEPTEMBER,Buffer,Buffer,OK,HIGH
Defined,PNOV US,INNOVATOR U.S. EQUITY POWER BUFFER ETF - NOVEMBER,Buffer,Buffer,OK,HIGH
Defined,POCT US,INNOVATOR U.S. EQUITY POWER BUFFER ETF - OCTOBER,Buffer,Buffer,OK,HIGH
Defined,PQAP US,PGIM NASDAQ-100 BUFFER 12 ETF - APRIL,Buffer,Buffer,OK,HIGH
Defined,PQJA US,PGIM NASDAQ-100 BUFFER 12 ETF - JANUARY,Buffer,Buffer,OK,HIGH
Defined,PQJL US,PGIM NASDAQ-100 BUFFER 12 ETF - JULY,Buffer,Buffer,OK,HIGH
Defined,PQOC US,PGIM NASDAQ-100 BUFFER 12 ETF - OCTOBER,Buffer,Buffer,OK,HIGH
Defined,PSCJ US,PACER SWAN SOS CONSERVATIVE JULY ETF,Buffer,,UNCLEAR,LOW
Defined,PSCQ US,PACER SWAN SOS CONSERVATIVE OCTOBER ETF,Buffer,,UNCLEAR,LOW
Defined,PSCW US,PACER SWAN SOS CONSERVATIVE APRIL ETF,Buffer,,UNCLEAR,LOW
Defined,PSCX US,PACER SWAN SOS CONSERVATIVE JANUARY ETF,Buffer,,UNCLEAR,LOW
Defined,PSEP US,INNOVATOR U.S. EQUITY POWER BUFFER ETF - SEPTEMBER,Buffer,Buffer,OK,HIGH
Defined,PSFD US,PACER SWAN SOS FLEX JANUARY ETF,Buffer,,UNCLEAR,LOW
Defined,PSFF US,PACER SWAN SOS FUND OF FUNDS ETF,Buffer,,UNCLEAR,LOW
Defined,PSFJ US,PACER SWAN SOS FLEX JULY ETF,Buffer,,UNCLEAR,LOW
Defined,PSFM US,PACER SWAN SOS FLEX APRIL ETF,Buffer,,UNCLEAR,LOW
Defined,PSFO US,PACER SWAN SOS FLEX OCTOBER ETF,Buffer,,UNCLEAR,LOW
Defined,PSMD US,PACER SWAN SOS MODERATE JANUARY ETF,Buffer,,UNCLEAR,LOW
Defined,PSMJ US,PACER SWAN SOS MODERATE JULY ETF,Buffer,,UNCLEAR,LOW
Defined,PSMO US,PACER SWAN SOS MODERATE OCTOBER ETF,Buffer,,UNCLEAR,LOW
Defined,PSMR US,PACER SWAN SOS MODERATE APRIL ETF,Buffer,,UNCLEAR,LOW
Defined,PSTP US,INNOVATOR POWER BUFFER STEP-UP STRATEGY ETF,Buffer,Buffer,OK,HIGH
Defined,PWS US,PACER WEALTHSHIELD ETF,Hedged Equity,,UNCLEAR,LOW
Defined,QB US,PROSHARES NASDAQ-100 DYNAMIC BUFFER ETF,Buffer,Buffer,OK,HIGH
Defined,QBER US,TRUESHARES QUARTERLY BEAR HEDGE ETF,Hedged Equity,Hedged Equity,OK,HIGH
Defined,QBF US,INNOVATOR UNCAPPED BITCOIN 20 FLOOR ETF - QUARTERLY,Floor,Floor,OK,HIGH
Defined,QBIF US,ALLIANZIM INTERNATIONAL EQUITY BUFFER15 ETF,Buffer,Buffer,OK,HIGH
Defined,QBIV US,ALLIANZIM INTERNATIONAL EQUITY BUFFER5 ETF,Buffer,Buffer,OK,HIGH
Defined,QBKF US,ALLIANZIM US SMALL CAP BUFFER15 ETF,Buffer,Buffer,OK,HIGH
Defined,QBKV US,ALLIANZIM US SMALL CAP BUFFER5 ETF,Buffer,Buffer,OK,HIGH
Defined,QBQF US,ALLIANZIM GROWTH-100 BUFFER15 ETF,Buffer,Buffer,OK,HIGH
Defined,QBQV US,ALLIANZIM GROWTH-100 BUFFER5 ETF,Buffer,Buffer,OK,HIGH
Defined,QBSF US,ALLIANZIM U.S. EQUITY BUFFER15 ETF,Buffer,Buffer,OK,HIGH
Defined,QBSV US,ALLIANZIM US EQUITY BUFFER5 ETF,Buffer,Buffer,OK,HIGH
Defined,QBUF US,INNOVATOR NASDAQ-100 10 BUFFER ETF - QUARTERLY,Buffer,Buffer,OK,HIGH
Defined,QBUL US,TRUESHARES QUARTERLY BULL HEDGE ETF,Hedged Equity,Hedged Equity,OK,HIGH
Defined,QCAP US,FT VEST NASDAQ-100 CONSERVATIVE BUFFER ETF - APRIL,Buffer,Buffer,OK,HIGH
Defined,QCJA US,FT VEST NASDAQ-100 CONSERVATIVE BUFFER ETF - JANUARY,Buffer,Buffer,OK,HIGH
Defined,QCJL US,FT VEST NASDAQ-100 CONSERVATIVE BUFFER ETF - JULY,Buffer,Buffer,OK,HIGH
Defined,QCOC US,FT VEST NASDAQ-100 CONSERVATIVE BUFFER ETF - OCTOBER,Buffer,Buffer,OK,HIGH
Defined,QDEC US,FT VEST NASDAQ-100 BUFFER ETF - DECEMBER,Buffer,Buffer,OK,HIGH
Defined,QFLR US,INNOVATOR NASDAQ-100 MANAGED FLOOR ETF,Floor,Floor,OK,HIGH
Defined,QGRD US,HORIZON NASDAQ-100 DEFINED RISK ETF,Defined Risk,Defined Risk,OK,HIGH
Defined,QHDG US,INNOVATOR HEDGED NASDAQ-100 ETF,Hedged Equity,,UNCLEAR,LOW
Defined,QJUN US,FT VEST NASDAQ-100 BUFFER ETF - JUNE,Buffer,Buffer,OK,HIGH
Defined,QMAG US,FT VEST NASDAQ-100 MODERATE BUFFER ETF - AUGUST,Buffer,Buffer,OK,HIGH
Defined,QMAR US,FT VEST NASDAQ-100 BUFFER ETF - MARCH,Buffer,Buffer,OK,HIGH
Defined,QMFE US,FT VEST NASDAQ-100 MODERATE BUFFER ETF - FEBRUARY,Buffer,Buffer,OK,HIGH
Defined,QMMY US,FT VEST NASDAQ-100 MODERATE BUFFER ETF - MAY,Buffer,Buffer,OK,HIGH
Defined,QMNV US,FT VEST NASDAQ-100 MODERATE BUFFER ETF - NOVEMBER,Buffer,Buffer,OK,HIGH
Defined,QSPT US,FT VEST NASDAQ-100 BUFFER ETF - SEPTEMBER,Buffer,Buffer,OK,HIGH
Defined,QTAP US,INNOVATOR ETFS TRUST - INNOVATOR GROWTH ACCELERATED PLUS ETF - APRIL,Accelerator,Accelerator,OK,HIGH
Defined,QTJA US,INNOVATOR GROWTH ACCELERATED PLUS ETF - JANUARY,Accelerator,Accelerator,OK,HIGH
Defined,QTJL US,INNOVATOR GROWTH ACCELERATED PLUS ETF - JULY,Accelerator,Accelerator,OK,HIGH
Defined,QTOC US,INNOVATOR GROWTH ACCELERATED PLUS ETF-OCTOBER,Accelerator,Accelerator,OK,HIGH
Defined,RB US,PROSHARES RUSSELL 2000 DYNAMIC BUFFER ETF,Buffer,Buffer,OK,HIGH
Defined,RBUF US,INNOVATOR US SMALL CAP 10 BUFFER ETF - QUARTERLY,Buffer,Buffer,OK,HIGH
Defined,RFLR US,INNOVATOR US SMALL CAP MANAGED FLOOR ETF,Floor,Floor,OK,HIGH
Defined,RSDE US,FT VEST US EQUITY EQUAL WEIGHT BUFFER ETF - DECEMBER,Buffer,Buffer,OK,HIGH
Defined,RSJN US,FT VEST US EQUITY EQUAL WEIGHT BUFFER ETF - JUNE,Buffer,Buffer,OK,HIGH
Defined,RSMR US,FT VEST US EQUITY EQUAL WEIGHT BUFFER ETF - MARCH,Buffer,Buffer,OK,HIGH
Defined,RSSE US,FT VEST US EQUITY EQUAL WEIGHT BUFFER ETF - SEPTEMBER,Buffer,Buffer,OK,HIGH
Defined,SAUG US,FT VEST US SMALL CAP MODERATE BUFFER ETF - AUGUST,Buffer,Buffer,OK,HIGH
Defined,SEPM US,FT VEST US EQUITY MAX BUFFER ETF - SEPTEMBER,Buffer,Buffer,OK,HIGH
Defined,SEPP US,PGIM S&P 500 BUFFER 12 ETF - SEPTEMBER,Buffer,Buffer,OK,HIGH
Defined,SEPT US,ALLIANZIM US EQUITY BUFFER10 SEP ETF,Buffer,Buffer,OK,HIGH
Defined,SEPU US,ALLIANZIM US EQUITY BUFFER15 UNCAPPED SEP ETF,Buffer,Buffer,OK,HIGH
Defined,SEPW US,ALLIANZIM US EQ BUFFER20 SEP,Buffer,Buffer,OK,HIGH
Defined,SEPZ US,ELEVATION SERIES TRUST - TRUESHARES STRUCTURED OUTCOME SEPTEMBER ETF,Outcome,Outcome,OK,MEDIUM
Defined,SFEB US,FT VEST US SMALL CAP MODERATE BUFFER ETF - FEBRUARY,Buffer,Buffer,OK,HIGH
Defined,SFLR US,INNOVATOR EQUITY MANAGED FLOOR ETF,Floor,Floor,OK,HIGH
Defined,SIXD US,ALLIANZIM US EQUITY 6 MONTH BUFFER10 JUN/DEC ETF,Buffer,Buffer,OK,HIGH
Defined,SIXF US,ALLIANZIM US EQUITY 6 MONTH BUFFER10 FEB/AUG ETF,Buffer,Buffer,OK,HIGH
Defined,SIXJ US,ALLIANZIM US EQUITY 6 MONTH BUFFER10 JAN/JUL ETF,Buffer,Buffer,OK,HIGH
Defined,SIXO US,ALLIANZIM US EQUITY 6 MONTH BUFFER10 APR/OCT ETF,Buffer,Buffer,OK,HIGH
Defined,SIXP US,ALLIANZIM US EQUITY 6 MONTH BUFFER10 MAR/SEP ETF,Buffer,Buffer,OK,HIGH
Defined,SIXZ US,ALLIANZIM US EQUITY 6 MONTH BUFFER10 MAY/NOV ETF,Buffer,Buffer,OK,HIGH
Defined,SMAX US,ISHARES LARGE CAP MAX BUFFER SEP ETF,Buffer,Buffer,OK,HIGH
Defined,SMAY US,FT VEST U.S. SMALL CAP MODERATE BUFFER ETF - MAY,Buffer,Buffer,OK,HIGH
Defined,SNOV US,FT VEST US SMALL CAP MODERATE BUFFER ETF - NOVEMBER,Buffer,Buffer,OK,HIGH
Defined,SPBU US,ALLIANZIM BUFFER15 UNCAPPED ALLOCATION ETF,Buffer,Buffer,OK,HIGH
Defined,SPBW US,ALLIANZIM BUFFER20 ALLOCATION ETF,Buffer,Buffer,OK,HIGH
Defined,SPBX US,ALLIANZIM 6 MONTH BUFFER10 ALLOCATION ETF,Buffer,Buffer,OK,HIGH
Defined,SQMX US,FT VEST US EQUITY QUARTERLY MAX BUFFER ETF,Buffer,Buffer,OK,HIGH
Defined,STEN US,ISHARES LARGE CAP 10% TARGET BUFFER SEP ETF,Buffer,Buffer,OK,HIGH
Defined,TAPR US,INNOVATOR EQUITY DEFINED PROTECTION ETF - 2 YR TO APRIL 2027,Buffer,Buffer,OK,HIGH
Defined,TBJL US,INNOVATOR 20+ YEAR TREASURY BOND 9 BUFFER ETF - JULY,Buffer,Buffer,OK,HIGH
Defined,TDEC US,FT VEST EMERGING MARKET BUFFER ETF - DECEMBER,Buffer,Buffer,OK,HIGH
Defined,TEND US,ISHARES LARGE CAP 10% TARGET BUFFER DEC ETF,Buffer,Buffer,OK,HIGH
Defined,TENJ US,ISHARES LARGE CAP 10% TARGET BUFFER JUN ETF,Buffer,Buffer,OK,HIGH
Defined,TENM US,ISHARES LARGE CAP 10% TARGET BUFFER MAR ETF,Buffer,Buffer,OK,HIGH
Defined,TFJL US,INNOVATOR 20+ YEAR TREASURY BOND 5 FLOOR ETF - JULY,Floor,Floor,OK,HIGH
Defined,THEQ US,T ROWE PRICE HEDGED EQUITY ETF,Hedged Equity,Hedged Equity,OK,HIGH
Defined,TJAN US,INNOVATOR EQUITY DEFINED PROTECTION ETF - 2 YR TO JANUARY 2027,Buffer,Buffer,OK,HIGH
Defined,TJUL US,INNOVATOR EQUITY DEFINED PROTECTION ETF - 2 YR TO JULY 2027,Buffer,Buffer,OK,HIGH
Defined,TJUN US,FT VEST EMERGING MARKETS BUFFER ETF - JUNE,Buffer,Buffer,OK,HIGH
Defined,TLDR US,THE LADDERED T-BILL ETF,,Ladder,MISMATCH,HIGH
Defined,TMAR US,FT VEST EMERGING MARKET BUFFER ETF - MARCH,Buffer,Buffer,OK,HIGH
Defined,TOCT US,INNOVATOR EQUITY DEFINED PROTECTION ETF - 2 YR TO OCTOBER 2027,Buffer,Buffer,OK,HIGH
Defined,TRIO US,MC TRIO EQUITY BUFFERED ETF,Buffer,,UNCLEAR,LOW
Defined,TSEP US,FT VEST EMERGING MARKET BUFFER ETF - SEPTEMBER,Buffer,Buffer,OK,HIGH
Defined,TWOX US,ISHARES LARGE CAP ACCELERATED OUTCOME ETF,Accelerator,Accelerator,OK,HIGH
Defined,UAPR US,INNOVATOR U.S. EQUITY ULTRA BUFFER ETF - APRIL,Buffer,Buffer,OK,HIGH
Defined,UAUG US,INNOVATOR U.S. EQUITY ULTRA BUFFER ETF - AUGUST,Buffer,Buffer,OK,HIGH
Defined,UDEC US,INNOVATOR U.S. EQUITY ULTRA BUFFER ETF - DECEMBER,Buffer,Buffer,OK,HIGH
Defined,UFEB US,INNOVATOR U.S. EQUITY ULTRA BUFFER ETF - FEBRUARY,Buffer,Buffer,OK,HIGH
Defined,UJAN US,INNOVATOR U.S. EQUITY ULTRA BUFFER ETF - JANUARY,Buffer,Buffer,OK,HIGH
Defined,UJUL US,INNOVATOR U.S. EQUITY ULTRA BUFFER ETF - JULY,Buffer,Buffer,OK,HIGH
Defined,UJUN US,INNOVATOR U.S. EQUITY ULTRA BUFFER ETF - JUNE,Buffer,Buffer,OK,HIGH
Defined,UMAR US,INNOVATOR U.S. EQUITY ULTRA BUFFER ETF - MARCH,Buffer,Buffer,OK,HIGH
Defined,UMAY US,INNOVATOR U.S. EQUITY ULTRA BUFFER ETF - MAY,Buffer,Buffer,OK,HIGH
Defined,UNOV US,INNOVATOR U.S. EQUITY ULTRA BUFFER ETF - NOVEMBER,Buffer,Buffer,OK,HIGH
Defined,UOCT US,INNOVATOR U.S. EQUITY ULTRA BUFFER ETF OCTOBER,Buffer,Buffer,OK,HIGH
Defined,USEP US,INNOVATOR U.S. EQUITY ULTRA BUFFER ETF - SEPTEMBER,Buffer,Buffer,OK,HIGH
Defined,UXAP US,FT VEST US EQUITY UNCAPPED ACCELERATOR ETF - APRIL,Accelerator,Accelerator,OK,HIGH
Defined,UXJA US,FT VEST US EQUITY UNCAPPED ACCELERATOR ETF - JANUARY,Accelerator,Accelerator,OK,HIGH
Defined,UXJL US,FT VEST US EQUITY UNCAPPED ACCELERATOR ETF - JULY,Accelerator,Accelerator,OK,HIGH
Defined,UXOC US,FT VEST US EQUITY UNCAPPED ACCELERATOR ETF - OCTOBER,Accelerator,Accelerator,OK,HIGH
Defined,XAPR US,FT VEST US EQUITY ENHANCE & MODERATE BUFFER ETF - APRIL,Buffer,Buffer,OK,HIGH
Defined,XAUG US,FT VEST US EQUITY ENHANCE & MODERATE BUFFER ETF - AUGUST,Buffer,Buffer,OK,HIGH
Defined,XBAP US,INNOVATOR US EQUITY ACCELERATED 9 BUFFER ETF - APRIL,Buffer,Buffer,OK,HIGH
Defined,XBJA US,INNOVATOR US EQUITY ACCELERATED 9 BUFFER ETF - JANUARY,Buffer,Buffer,OK,HIGH
Defined,XBJL US,INNOVATOR U.S. EQUITY ACCELERATED 9 BUFFER ETF - JULY,Buffer,Buffer,OK,HIGH
Defined,XBOC US,INNOVATOR US EQUITY ACCELERATED 9 BUFFER ETF-OCTOBER,Buffer,Buffer,OK,HIGH
Defined,XDEC US,FT VEST US EQUITY ENHANCE & MODERATE BUFFER ETF - DECEMBER,Buffer,Buffer,OK,HIGH
Defined,XDQQ US,INNOVATOR GROWTH-100 ACCELERATED ETF-QUARTERLY,Accelerator,Accelerator,OK,HIGH
Defined,XDSQ US,INNOVATOR US EQUITY ACCELERATED ETF - QUARTERLY,Accelerator,Accelerator,OK,HIGH
Defined,XFEB US,FT VEST US EQUITY ENHANCE & MODERATE BUFFER ETF - FEBRUARY,Buffer,Buffer,OK,HIGH
Defined,XIDE US,FT VEST US EQUITY BUFFER & PREMIUM INCOME ETF - DECEMBER,Buffer,Buffer,OK,HIGH
Defined,XIJN US,FT VEST US EQUITY BUFFER & PREMIUM INCOME ETF - JUNE,Buffer,Buffer,OK,HIGH
Defined,XIMR US,FT VEST US EQUITY BUFFER & PREMIUM INCOME ETF - MARCH,Buffer,Buffer,OK,HIGH
Defined,XISE US,FT VEST US EQUITY BUFFER & PREMIUM INCOME ETF - SEPTEMBER,Buffer,Buffer,OK,HIGH
Defined,XJAN US,FT VEST US EQUITY ENHANCE & MODERATE BUFFER ETF - JANUARY,Buffer,Buffer,OK,HIGH
Defined,XJUL US,FT VEST US EQUITY ENHANCE & MODERATE BUFFER ETF - JULY,Buffer,Buffer,OK,HIGH
Defined,XJUN US,FT VEST US EQUITY ENHANCE & MODERATE BUFFER ETF - JUNE,Buffer,Buffer,OK,HIGH
Defined,XMAR US,FT VEST US EQUITY ENHANCE & MODERATE BUFFER ETF - MARCH,Buffer,Buffer,OK,HIGH
Defined,XMAY US,FT VEST US EQUITY ENHANCE & MODERATE BUFFER ETF - MAY,Buffer,Buffer,OK,HIGH
Defined,XNOV US,FT VEST US EQUITY ENHANCE & MODERATE BUFFER ETF - NOVEMBER,Buffer,Buffer,OK,HIGH
Defined,XOCT US,FT VEST US EQUITY ENHANCE & MODERATE BUFFER ETF - OCTOBER,Buffer,Buffer,OK,HIGH
Defined,XSEP US,FT VEST U.S. EQUITY ENHANCE & MODERATE BUFFER ETF - SEPTEMBER,Buffer,Buffer,OK,HIGH
Defined,XTAP US,INNOVATOR US EQUITY ACCELERATED PLUS ETF-APRIL,Accelerator,Accelerator,OK,HIGH
Defined,XTJA US,INNOVATOR US EQUITY ACCELERATED PLUS ETF - JANUARY,Accelerator,Accelerator,OK,HIGH
Defined,XTJL US,INNOVATOR U.S. EQUITY ACCELERATED PLUS ETF - JULY,Accelerator,Accelerator,OK,HIGH
Defined,XTOC US,INNOVATOR US EQUITY ACCELERATED PLUS ETF-OCTOBER,Accelerator,Accelerator,OK,HIGH
Defined,XUSP US,INNOVATOR UNCAPPED ACCELERATED US EQUITY ETF,Accelerator,Accelerator,OK,HIGH
Defined,YDEC US,FT VEST INTERNATIONAL EQUITY MODERATE BUFFER ETF - DECEMBER,Buffer,Buffer,OK,HIGH
Defined,YJUN US,FT VEST INTERNATIONAL EQUITY MODERATE BUFFER ETF - JUNE,Buffer,Buffer,OK,HIGH
Defined,YMAR US,FT VEST INTERNATIONAL EQUITY MODERATE BUFFER ETF - MARCH,Buffer,Buffer,OK,HIGH
Defined,YSEP US,FT VEST INTERNATIONAL EQUITY MODERATE BUFFER ETF - SEPTEMBER,Buffer,Buffer,OK,HIGH
Defined,ZALT US,INNOVATOR US EQUITY 10 BUFFER ETF,Buffer,Buffer,OK,HIGH
Defined,ZAPR US,INNOVATOR EQUITY DEFINED PROTECTION ETF - 1 YR APRIL,Buffer,Buffer,OK,HIGH
Defined,ZAUG US,INNOVATOR EQUITY DEFINED PROTECTION ETF - 1 YR AUGUST,Buffer,Buffer,OK,HIGH
Defined,ZDEK US,INNOVATOR EQUITY DEFINED PROTECTION ETF - 1 YR DECEMBER,Buffer,Buffer,OK,HIGH
Defined,ZFEB US,INNOVATOR EQUITY DEFINED PROTECTION ETF - 1 YR FEBRUARY,Buffer,Buffer,OK,HIGH
Defined,ZJAN US,INNOVATOR EQUITY DEFINED PROTECTION ETF - 1 YR JANUARY,Buffer,Buffer,OK,HIGH
Defined,ZJUL US,INNOVATOR EQUITY DEFINED PROTECTION ETF - 1 YR JULY,Buffer,Buffer,OK,HIGH
Defined,ZJUN US,INNOVATOR EQUITY DEFINED PROTECTION ETF - 1 YR JUNE,Buffer,Buffer,OK,HIGH
Defined,ZMAR US,INNOVATOR EQUITY DEFINED PROTECTION ETF - 1 YR MARCH,Buffer,Buffer,OK,HIGH
Defined,ZMAY US,INNOVATOR EQUITY DEFINED PROTECTION ETF - 1 YR MAY,Buffer,Buffer,OK,HIGH
Defined,ZNOV US,INNOVATOR EQUITY DEFINED PROTECTION ETF - 1 YR NOVEMBER,Buffer,Buffer,OK,HIGH
Defined,ZOCT US,INNOVATOR EQUITY DEFINED PROTECTION ETF - 1 YR OCTOBER,Buffer,Buffer,OK,HIGH
Defined,ZSEP US,INNOVATOR EQUITY DEFINED PROTECTION ETF - 1 YR SEPTEMBER,Buffer,Buffer,OK,HIGH
Thematic,ABLD US,ABACUS FCF REAL ASSETS LEADERS ETF,Strategy,,UNCLEAR,LOW
Thematic,ABOT US,ABACUS FCF INNOVATION LEADERS ETF,Innovation,,UNCLEAR,LOW
Thematic,ACES US,ALPS CLEAN ENERGY ETF,Clean Energy,Clean Energy,OK,HIGH
Thematic,AGIX US,KRANESHARES ARTIFICIAL INTELLIGENCE AND TECHNOLOGY ETF,Artificial Intelligence,Artificial Intelligence,OK,HIGH
Thematic,AIEQ US,AMPLIFY AI POWERED EQUITY ETF,Artificial Intelligence,Artificial Intelligence,OK,HIGH
Thematic,AIFD US,TCW ARTIFICIAL INTELLIGENCE ETF,Artificial Intelligence,Artificial Intelligence,OK,HIGH
Thematic,AIPO US,DEFIANCE AI & POWER INFRASTRUCTURE ETF,Artificial Intelligence,Artificial Intelligence,OK,HIGH
Thematic,AIQ US,GLOBAL X ARTIFICIAL INTELLIGENCE & TECHNOLOGY ETF,Artificial Intelligence,Artificial Intelligence,OK,HIGH
Thematic,AIS US,VISTASHARES ARTIFICIAL INTELLIGENCE SUPERCYCLE ETF,Artificial Intelligence,Artificial Intelligence,OK,HIGH
Thematic,AIVC US,AMPLIFY BLOOMBERG AI VALUE CHAIN ETF,Artificial Intelligence,Artificial Intelligence,OK,HIGH
Thematic,AIVI US,WISDOMTREE INTERNATIONAL AI ENHANCED VALUE FUND,Artificial Intelligence,Artificial Intelligence,OK,HIGH
Thematic,AIVL US,WISDOMTREE US AI ENHANCED VALU,Artificial Intelligence,Artificial Intelligence,OK,HIGH
Thematic,ALAI US,ALGER AI ENABLERS & ADOPTERS ETF,Artificial Intelligence,Artificial Intelligence,OK,HIGH
Thematic,ANEW US,PROSHARES MSCI TRANSFORMATIONAL CHANGES ETF,Innovation,,UNCLEAR,LOW
Thematic,AOTG US,AOT GROWTH AND INNOVATION ETF,Innovation,,UNCLEAR,LOW
Thematic,AQWA US,GLOBAL X CLEAN WATER ETF,Water,Water,OK,HIGH
Thematic,ARKF US,ARK BLOCKCHAIN & FINTECH INNOVATION ETF,FinTech,FinTech,OK,HIGH
Thematic,ARKG US,ARK GENOMIC REVOLUTION ETF,Healthcare,Healthcare,OK,HIGH
Thematic,ARKK US,ARK INNOVATION ETF,Innovation,,UNCLEAR,LOW
Thematic,ARKQ US,ARK AUTONOMOUS TECHNOLOGY & ROBOTICS ETF,Robotics & Automation,Robotics & Automation,OK,HIGH
Thematic,ARKW US,ARK NEXT GENERATION INTERNET ETF,Cloud Computing,,UNCLEAR,LOW
Thematic,ARKX US,ARK SPACE & DEFENSE INNOVATION ETF,Space,Space,OK,HIGH
Thematic,ARTY US,ISHARES FUTURE AI & TECH ETF,Artificial Intelligence,Artificial Intelligence,OK,HIGH
Thematic,ARVR US,FIRST TRUST INDXX METAVERSE ETF,Metaverse & Video Gaming,,UNCLEAR,LOW
Thematic,AVIE US,AVANTIS INFLATION FOCUSED EQUITY ETF,Inflation,Inflation,OK,HIGH
Thematic,AWAY US,AMPLIFY TRAVEL TECH ETF,"Travel, Vacation & Leisure","Travel, Vacation & Leisure",OK,HIGH
Thematic,BAI US,ISHARES AI INNOVATION AND TECH ACTIVE ETF,Artificial Intelligence,Artificial Intelligence,OK,HIGH
Thematic,BATT US,AMPLIFY LITHIUM & BATTERY TECHNOLOGY ETF,Electric Car & Battery,Electric Car & Battery,OK,HIGH
Thematic,BCDF US,HORIZON KINETICS BLOCKCHAIN DEVELOPMENT ETF,Blockchain & Crypto,Blockchain & Crypto,OK,HIGH
Thematic,BEDZ US,ADVISORSHARES HOTEL ETF,"Travel, Vacation & Leisure","Travel, Vacation & Leisure",OK,HIGH
Thematic,BETZ US,ROUNDHILL SPORTS BETTING & IGAMING ETF,Sports & Esports,Sports & Esports,OK,HIGH
Thematic,BILD US,NOMURA GLOBAL LISTED INFRASTRUCTURE ETF,Infrastructure,Infrastructure,OK,HIGH
Thematic,BKCH US,GLOBAL X BLOCKCHAIN ETF,Blockchain & Crypto,Blockchain & Crypto,OK,HIGH
Thematic,BKGI US,BNY MELLON GLOBAL INFRASTRUCTURE INCOME ETF,Infrastructure,Infrastructure,OK,HIGH
Thematic,BLCN US,SIREN NEXGEN ECONOMY ETF,Blockchain & Crypto,Blockchain & Crypto,OK,HIGH
Thematic,BLOK US,AMPLIFY BLOCKCHAIN TECHNOLOGY ETF,Blockchain & Crypto,Blockchain & Crypto,OK,HIGH
Thematic,BMED US,ISHARES HEALTH INNOVATION ACTIVE ETF,Healthcare,Healthcare,OK,HIGH
Thematic,BMVP US,INVESCO BLOOMBERG MVP MULTI-FACTOR ETF,Strategy,,UNCLEAR,LOW
Thematic,BNGE US,FIRST TRUST S-NETWORK STREAMING AND GAMING ETF,Sports & Esports,,UNCLEAR,LOW
Thematic,BOAT US,SONICSHARES GLOBAL SHIPPING ETF,Infrastructure,,UNCLEAR,LOW
Thematic,BOTT US,THEMES HUMANOID ROBOTICS ETF,Robotics & Automation,Robotics & Automation,OK,HIGH
Thematic,BOTZ US,GLOBAL X ROBOTICS & ARTIFICIAL INTELLIGENCE ETF,Robotics & Automation,Robotics & Automation,OK,HIGH
Thematic,BPAY US,ISHARES FINTECH ACTIVE ETF,FinTech,FinTech,OK,HIGH
Thematic,BUG US,GLOBAL X CYBERSECURITY ETF,Cybersecurity,Cybersecurity,OK,HIGH
Thematic,BULD US,PACER BLUESTAR ENGINEERING THE FUTURE ETF,Robotics & Automation,,UNCLEAR,LOW
Thematic,BUYZ US,FRANKLIN DISRUPTIVE COMMERCE ETF,E-Commerce,E-Commerce,OK,HIGH
Thematic,BUZZ US,VANECK SOCIAL SENTIMENT ETF,General Thematic,,UNCLEAR,LOW
Thematic,BWEB US,BITWISE WEB3 ETF,Tech & Communications,Blockchain & Crypto,MISMATCH,HIGH
Thematic,CABZ US,ROUNDHILL ROBOTAXI AUTONOMOUS VEHICLES & TECHNOLOGY ETF,Robotics & Automation,Robotics & Automation,OK,HIGH
Thematic,CANC US,TEMA ONCOLOGY ETF,Healthcare,Healthcare,OK,HIGH
Thematic,CARZ US,FIRST TRUST S-NETWORK FUTURE VEHICLES & TECHNOLOGY ETF,Electric Car & Battery,,UNCLEAR,LOW
Thematic,CCNR US,ALPS CORECOMMODITY NATURAL RESOURCES ETF,Natural Resources,Natural Resources,OK,HIGH
Thematic,CCSO US,CARBON COLLECTIVE CLIMATE SOLUTIONS US EQUITY ETF,Low Carbon,Low Carbon,OK,HIGH
Thematic,CGW US,INVESCO S&P GLOBAL WATER INDEX ETF,Water,Water,OK,HIGH
Thematic,CHAT US,ROUNDHILL GENERATIVE AI & TECHNOLOGY ETF,Artificial Intelligence,Artificial Intelligence,OK,HIGH
Thematic,CHGX US,STANCE SUSTAINABLE BETA ETF,Environment,Environment,OK,MEDIUM
Thematic,CIBR US,FIRST TRUST NASDAQ CYBERSECURITY ETF,Cybersecurity,Cybersecurity,OK,HIGH
Thematic,CLOD US,THEMES CLOUD COMPUTING ETF,Cloud Computing,Cloud Computing,OK,HIGH
Thematic,CLOU US,GLOBAL X CLOUD COMPUTING ETF,Cloud Computing,Cloud Computing,OK,HIGH
Thematic,CNBS US,AMPLIFY SEYMOUR CANNABIS ETF,Cannabis and Psychedelics,Cannabis and Psychedelics,OK,HIGH
Thematic,CNRG US,STATE STREET SPDR S&P KENSHO CLEAN POWER ETF,Clean Energy,Clean Energy,OK,HIGH
Thematic,COPY US,TWEEDY BROWNE INSIDER + VALUE ETF,Cannabis and Psychedelics,Strategy,MISMATCH,HIGH
Thematic,CSD US,INVESCO S&P SPIN-OFF ETF,IPO & SPAC,IPO & SPAC,OK,HIGH
Thematic,CSNR US,COHEN & STEERS NATURAL RESOURCES ACTIVE ETF,Natural Resources,Natural Resources,OK,HIGH
Thematic,CTEC US,GLOBAL X CLIMATETECH ETF,Clean Energy,Clean Energy,OK,HIGH
Thematic,CTEX US,PROSHARES S&P KENSHO CLEANTECH ETF,Clean Energy,Clean Energy,OK,HIGH
Thematic,CUT US,INVESCO MSCI GLOBAL TIMBER ETF,Agriculture,Natural Resources,MISMATCH,HIGH
Thematic,DADS US,DIGITAL ASSET DEBT STRATEGY ETF,,,UNCLEAR,LOW
Thematic,DAPP US,VANECK DIGITAL TRANSFORMATION ETF,Blockchain & Crypto,,UNCLEAR,LOW
Thematic,DARP US,GRIZZLE GROWTH ETF,Innovation,,UNCLEAR,LOW
Thematic,DAT US,PROSHARES BIG DATA REFINERS ETF,Tech & Communications,,UNCLEAR,LOW
Thematic,DGIN US,VANECK DIGITAL INDIA ETF,EM Tech,,UNCLEAR,LOW
Thematic,DRGN US,THEMES CHINA GENERATIVE ARTIFICIAL INTELLIGENCE ETF,Artificial Intelligence,Artificial Intelligence,OK,HIGH
Thematic,DRIV US,GLOBAL X AUTONOMOUS & ELECTRIC VEHICLES ETF,Electric Car & Battery,,UNCLEAR,LOW
Thematic,DRNZ US,REX DRONE ETF,Drones,Drones,OK,HIGH
Thematic,DRUP US,GRANITESHARES NASDAQ SELECT DISRUPTORS ETF,General Thematic,,UNCLEAR,LOW
Thematic,DTCR US,GLOBAL X DATA CENTER & DIGITAL INFRASTRUCTURE ETF,5G,Infrastructure,MISMATCH,HIGH
Thematic,DTEC US,ALPS DISRUPTIVE TECHNOLOGIES ETF,Innovation,,UNCLEAR,LOW
Thematic,DTRE US,FIRST TRUST ALERIAN DISRUPTIVE TECHNOLOGY REAL ESTATE ETF,Infrastructure,,UNCLEAR,LOW
Thematic,EATZ US,ADVISORSHARES RESTAURANT ETF,"Travel, Vacation & Leisure","Travel, Vacation & Leisure",OK,HIGH
Thematic,EBIZ US,GLOBAL X E-COMMERCE ETF,E-Commerce,E-Commerce,OK,HIGH
Thematic,ECON US,COLUMBIA RESEARCH ENHANCED EMERGING ECONOMIES ETF,Consumer,,UNCLEAR,LOW
Thematic,EFRA US,ISHARES ENVIRONMENTAL INFRASTRUCTURE AND INDUSTRIALS ETF,Environment,Environment,OK,HIGH
Thematic,EKG US,FIRST TRUST NASDAQ LUX DIGITAL HEALTH SOLUTIONS ETF,Healthcare,Healthcare,OK,HIGH
Thematic,ELFY US,ALPS ELECTRIFICATION INFRASTRUCTURE ETF,Infrastructure,Infrastructure,OK,HIGH
Thematic,EMCR US,XTRACKERS EMERGING MARKETS CARBON REDUCTION AND CLIMATE IMPROVERS ETF,Low Carbon,Low Carbon,OK,HIGH
Thematic,EMDM US,FIRST TRUST BLOOMBERG EMERGING MARKET DEMOCRACIES ETF,Corporate Culture,,UNCLEAR,LOW
Thematic,EMIF US,ISHARES EMERGING MARKETS INFRASTRUCTURE ETF,Infrastructure,Infrastructure,OK,HIGH
Thematic,EMLP US,FIRST TRUST NORTH AMERICAN ENERGY INFRASTRUCTURE FUND,Infrastructure,Infrastructure,OK,HIGH
Thematic,EMQQ US,EMERGING MARKETS INTERNET ETF/THE,EM Tech,EM Tech,OK,MEDIUM
Thematic,ENFR US,ALERIAN ENERGY INFRASTRUCTURE ETF,Infrastructure,Infrastructure,OK,HIGH
Thematic,EPAI US,HARBOR AI INFLECTION STRATEGY ETF,Artificial Intelligence,Artificial Intelligence,OK,HIGH
Thematic,ERET US,ISHARES ENVIRONMENTALLY AWARE REAL ESTATE ETF,Environment,,UNCLEAR,LOW
Thematic,ERTH US,INVESCO MSCI SUSTAINABLE FUTURE ETF,Environment,Environment,OK,MEDIUM
Thematic,ESPO US,VANECK VIDEO GAMING AND ESPORTS ETF,Sports & Esports,Sports & Esports,OK,HIGH
Thematic,ETEC US,ISHARES BREAKTHROUGH ENVIRONMENTAL SOLUTIONS ETF,Environment,Environment,OK,MEDIUM
Thematic,ETHO US,AMPLIFY ETHO CLIMATE LEADERSHIP US ETF,Low Carbon,Low Carbon,OK,HIGH
Thematic,EUAD US,SELECT STOXX EUROPE AEROSPACE & DEFENSE ETF,Defense,Defense,OK,HIGH
Thematic,EVX US,VANECK ENVIRONMENTAL SERVICES ETF,Environment,Environment,OK,MEDIUM
Thematic,FAI US,FIRST TRUST BLOOMBERG ARTIFICIAL INTELLIGENCE ETF,Artificial Intelligence,Artificial Intelligence,OK,HIGH
Thematic,FAN US,FIRST TRUST GLOBAL WIND ENERGY ETF,Clean Energy,Clean Energy,OK,HIGH
Thematic,FBOT US,FIDELITY DISRUPTIVE AUTOMATION ETF,Robotics & Automation,Robotics & Automation,OK,HIGH
Thematic,FCLD US,FIDELITY CLOUD COMPUTING ETF,Cloud Computing,Cloud Computing,OK,HIGH
Thematic,FCPI US,FIDELITY STOCKS FOR INFLATION ETF,Inflation,Inflation,OK,HIGH
Thematic,FDCF US,FIDELITY DISRUPTIVE COMMUNICATIONS ETF,5G,,UNCLEAR,LOW
Thematic,FDFF US,FIDELITY DISRUPTIVE FINANCE ETF,FinTech,,UNCLEAR,LOW
Thematic,FDIF US,FIDELITY DISRUPTORS ETF,General Thematic,,UNCLEAR,LOW
Thematic,FDRV US,FIDELITY ELECTRIC VEHICLES AND FUTURE TRANSPORTATION ETF,Electric Car & Battery,,UNCLEAR,LOW
Thematic,FDTX US,FIDELITY DISRUPTIVE TECHNOLOGY ETF,Tech & Communications,,UNCLEAR,LOW
Thematic,FINX US,GLOBAL X FINTECH ETF,FinTech,FinTech,OK,HIGH
Thematic,FIW US,FIRST TRUST WATER ETF,Water,Water,OK,HIGH
Thematic,FMED US,FIDELITY DISRUPTIVE MEDICINE ETF,Healthcare,Healthcare,OK,HIGH
Thematic,FMET US,FIDELITY METAVERSE ETF,Metaverse & Video Gaming,,UNCLEAR,LOW
Thematic,FMQQ US,FMQQ THE NEXT FRONTIER INTERNET ETF,EM Tech,,UNCLEAR,LOW
Thematic,FPX US,FIRST TRUST US EQUITY OPPORTUNITIES ETF,IPO & SPAC,,UNCLEAR,LOW
Thematic,FPXE US,FIRST TRUST IPOX EUROPE EQUITY OPPORTUNITIES ETF,IPO & SPAC,,UNCLEAR,LOW
Thematic,FPXI US,FIRST TRUST INTERNATIONAL EQUITY OPPORTUNITIES ETF,IPO & SPAC,,UNCLEAR,LOW
Thematic,FRNW US,FIDELITY CLEAN ENERGY ETF,Clean Energy,Clean Energy,OK,HIGH
Thematic,FTAG US,FIRST TRUST INDXX GLOBAL AGRICULTURE ETF,Agriculture,Agriculture,OK,HIGH
Thematic,FTIF US,FIRST TRUST BLOOMBERG INFLATION SENSITIVE EQUITY ETF,Inflation,Inflation,OK,HIGH
Thematic,FTRI US,FIRST TRUST INDXX GLOBAL NATURAL RESOURCES INCOME ETF,Natural Resources,Natural Resources,OK,HIGH
Thematic,FTWO US,STRIVE NATURAL RESOURCES AND SECURITY ETF,Natural Resources,Natural Resources,OK,HIGH
Thematic,FWD US,AB DISRUPTORS ETF,Innovation,,UNCLEAR,LOW
Thematic,GAMR US,AMPLIFY VIDEO GAME LEADERS ETF,Sports & Esports,Sports & Esports,OK,HIGH
Thematic,GCAD US,GABELLI COMMERCIAL AEROSPACE AND DEFENSE ETF,Space,Defense,MISMATCH,HIGH
Thematic,GDOC US,GOLDMAN SACHS FUTURE HEALTH CARE EQUITY ETF,Healthcare,Healthcare,OK,HIGH
Thematic,GGME US,INVESCO NEXT GEN MEDIA AND GAMING ETF,Sports & Esports,,UNCLEAR,LOW
Thematic,GGRW US,GABELLI GROWTH INNOVATORS ETF,Innovation,,UNCLEAR,LOW
Thematic,GGTL US,GABELLI GLOBAL TECHNOLOGY LEADERS ETF,General Thematic,,UNCLEAR,LOW
Thematic,GII US,STATE STREET SPDR S&P GLOBAL INFRASTRUCTURE ETF,Infrastructure,Infrastructure,OK,HIGH
Thematic,GINN US,GOLDMAN SACHS INNOVATE EQUITY ETF,Innovation,,UNCLEAR,LOW
Thematic,GNOM US,GLOBAL X GENOMICS & BIOTECHNOLOGY ETF,Healthcare,Healthcare,OK,HIGH
Thematic,GNR US,STATE STREET SPDR S&P GLOBAL NATURAL RESOURCES ETF,Natural Resources,Natural Resources,OK,HIGH
Thematic,GRID US,FIRST TRUST NASDAQ CLEAN EDGE SMART GRID INFRASTRUCTURE INDEX FUND,Infrastructure,Infrastructure,OK,HIGH
Thematic,GTEK US,THE GOLDMAN SACHS FUTURE TECH LEADERS EQUITY ETF,Innovation,,UNCLEAR,LOW
Thematic,GUNR US,FLEXSHARES MORNINGSTAR GLOBAL UPSTREAM NATURAL RESOURCES INDEX FUND,Natural Resources,Natural Resources,OK,HIGH
Thematic,HACK US,AMPLIFY CYBERSECURITY ETF,Cybersecurity,Cybersecurity,OK,HIGH
Thematic,HAIL US,STATE STREET SPDR S&P KENSHO SMART MOBILITY ETF,Electric Car & Battery,Electric Car & Battery,OK,HIGH
Thematic,HAP US,VANECK NATURAL RESOURCES ETF,Natural Resources,Natural Resources,OK,HIGH
Thematic,HAPI US,HARBOR HUMAN CAPITAL FACTOR US LARGE CAP ETF,Corporate Culture,Corporate Culture,OK,HIGH
Thematic,HAPS US,HARBOR HUMAN CAPITAL FACTOR US SMALL CAP ETF,Corporate Culture,Corporate Culture,OK,HIGH
Thematic,HEAL US,GLOBAL X HEALTHTECH ETF,Healthcare,Healthcare,OK,HIGH
Thematic,HELX US,FRANKLIN GENOMIC ADVANCEMENTS ETF,Healthcare,Healthcare,OK,HIGH
Thematic,HERO US,GLOBAL X VIDEO GAMES & ESPORTS ETF,Sports & Esports,Sports & Esports,OK,HIGH
Thematic,HOMZ US,HOYA CAPITAL HOUSING ETF,Housing,,UNCLEAR,LOW
Thematic,HRTS US,TEMA HEART & HEALTH ETF,Healthcare,Healthcare,OK,HIGH
Thematic,HTEC US,ROBO GLOBAL R HEALTHCARE TECHNOLOGY AND INNOVATION ETF,Healthcare,Healthcare,OK,HIGH
Thematic,HUMN US,ROUNDHILL HUMANOID ROBOTICS ETF,Robotics & Automation,Robotics & Automation,OK,HIGH
Thematic,HWAY US,THEMES US INFRASTRUCTURE ETF,Infrastructure,Infrastructure,OK,HIGH
Thematic,HYDR US,GLOBAL X HYDROGEN ETF,Clean Energy,Clean Energy,OK,HIGH
Thematic,IBLC US,ISHARES BLOCKCHAIN AND TECH ETF,Blockchain & Crypto,Blockchain & Crypto,OK,HIGH
Thematic,IBOT US,VANECK ROBOTICS ETF,Robotics & Automation,Robotics & Automation,OK,HIGH
Thematic,IBRN US,ISHARES NEUROSCIENCE AND HEALTHCARE ETF,Healthcare,Healthcare,OK,HIGH
Thematic,IBUY US,AMPLIFY ONLINE RETAIL ETF,Consumer,,UNCLEAR,LOW
Thematic,ICLN US,ISHARES GLOBAL CLEAN ENERGY ETF,Clean Energy,Clean Energy,OK,HIGH
Thematic,IDNA US,ISHARES GENOMICS IMMUNOLOGY AND HEALTHCARE ETF,Healthcare,Healthcare,OK,HIGH
Thematic,IDRV US,ISHARES SELF-DRIVING EV AND TECH ETF,Electric Car & Battery,,UNCLEAR,LOW
Thematic,IFRA US,ISHARES U.S. INFRASTRUCTURE ETF,Infrastructure,Infrastructure,OK,HIGH
Thematic,IGE US,ISHARES NORTH AMERICAN NATURAL RESOURCES ETF,Natural Resources,Natural Resources,OK,HIGH
Thematic,IGF US,ISHARES GLOBAL INFRASTRUCTURE ETF,Infrastructure,Infrastructure,OK,HIGH
Thematic,IGPT US,INVESCO AI AND NEXT GEN SOFTWARE ETF,Artificial Intelligence,Artificial Intelligence,OK,HIGH
Thematic,IHAK US,ISHARES CYBERSECURITY AND TECH ETF,Cybersecurity,Cybersecurity,OK,HIGH
Thematic,IHI US,ISHARES U.S. MEDICAL DEVICES ETF,Healthcare,Healthcare,OK,HIGH
Thematic,ILDR US,FIRST TRUST INNOVATION LEADERS ETF,Innovation,,UNCLEAR,LOW
Thematic,ILIT US,ISHARES LITHIUM MINERS AND PRODUCERS ETF,Electric Car & Battery,,UNCLEAR,LOW
Thematic,INCO US,COLUMBIA INDIA CONSUMER ETF,Consumer,,UNCLEAR,LOW
Thematic,INFL US,HORIZON KINETICS INFLATION BENEFICIARIES ETF,Inflation,Inflation,OK,HIGH
Thematic,INQQ US,INQQ THE INDIA INTERNET ETF,EM Tech,,UNCLEAR,LOW
Thematic,INVN US,ALGER RUSSELL INNOVATION ETF,General Thematic,,UNCLEAR,LOW
Thematic,ION US,PROSHARES S&P GLOBAL CORE BATTERY METALS ETF,Electric Car & Battery,Electric Car & Battery,OK,HIGH
Thematic,IPAV US,GLOBAL X INFRASTRUCTURE DEVELOPMENT EX-US ETF,Infrastructure,Infrastructure,OK,HIGH
Thematic,IPAY US,AMPLIFY DIGITAL PAYMENTS ETF,FinTech,,UNCLEAR,LOW
Thematic,IPO US,RENAISSANCE IPO ETF,IPO & SPAC,IPO & SPAC,OK,HIGH
Thematic,IPOS US,RENAISSANCE INTERNATIONAL IPO ETF,IPO & SPAC,IPO & SPAC,OK,HIGH
Thematic,IQM US,FRANKLIN INTELLIGENT MACHINES ETF,Artificial Intelligence,,UNCLEAR,LOW
Thematic,IQRA US,NYLI CBRE REAL ASSETS ETF,Infrastructure,,UNCLEAR,LOW
Thematic,ISHP US,FIRST TRUST S-NETWORK E-COMMERCE ETF,E-Commerce,E-Commerce,OK,HIGH
Thematic,ISMD US,INSPIRE SMALL/MID CAP ETF,Corporate Culture,,UNCLEAR,LOW
Thematic,ITA US,ISHARES U.S. AEROSPACE & DEFENSE ETF,Defense,Defense,OK,HIGH
Thematic,ITB US,ISHARES U.S. HOME CONSTRUCTION ETF,Housing,,UNCLEAR,LOW
Thematic,ITEQ US,AMPLIFY BLUESTAR ISRAEL TECHNOLOGY ETF,Tech & Communications,,UNCLEAR,LOW
Thematic,IVES US,DAN IVES WEDBUSH AI REVOLUTION ETF,Artificial Intelligence,Artificial Intelligence,OK,HIGH
Thematic,IVRS US,ISHARES FUTURE METAVERSE TECH AND COMMUNICATIONS ETF,Metaverse & Video Gaming,,UNCLEAR,LOW
Thematic,IZRL US,ARK ISRAEL INNOVATIVE TECHNOLOGY ETF,General Thematic,,UNCLEAR,LOW
Thematic,JEDI US,DEFIANCE DRONE AND MODERN WARFARE ETF,,Defense,MISMATCH,HIGH
Thematic,JETS US,US GLOBAL JETS ETF,"Travel, Vacation & Leisure",,UNCLEAR,LOW
Thematic,JHAI US,JANUS HENDERSON GLOBAL ARTIFICIAL INTELLIGENCE ETF,Artificial Intelligence,Artificial Intelligence,OK,HIGH
Thematic,JOET US,VIRTUS TERRANOVA U.S. QUALITY MOMENTUM ETF,Strategy,,UNCLEAR,LOW
Thematic,JTEK US,JPMORGAN US TECH LEADERS ETF,Tech & Communications,,UNCLEAR,LOW
Thematic,KARS US,KRANESHARES ELECTRIC VEHICLES AND FUTURE MOBILITY INDEX ETF,Electric Car & Battery,,UNCLEAR,LOW
Thematic,KDEF US,PLUS KOREA DEFENSE INDUSTRY INDEX ETF,Defense,Defense,OK,HIGH
Thematic,KGRN US,KRANESHARES MSCI CHINA CLEAN TECHNOLOGY INDEX ETF,Clean Energy,,UNCLEAR,LOW
Thematic,KNCT US,INVESCO NEXT GEN CONNECTIVITY ETF,Tech & Communications,,UNCLEAR,LOW
Thematic,KOMP US,STATE STREET SPDR S&P KENSHO NEW ECONOMIES COMPOSITE ETF,Artificial Intelligence,,UNCLEAR,LOW
Thematic,KQQQ US,KURV TECHNOLOGY TITANS SELECT ETF,Tech & Communications,,UNCLEAR,LOW
Thematic,KROP US,GLOBAL X AGTECH & FOOD INNOVATION ETF,Future of Food,Future of Food,OK,HIGH
Thematic,KTEC US,KRANESHARES HANG SENG TECH INDEX ETF,Tech & Communications,,UNCLEAR,LOW
Thematic,KWEB US,KRANESHARES CSI CHINA INTERNET ETF,EM Tech,,UNCLEAR,LOW
Thematic,LEGR US,FIRST TRUST INDXX INNOVATIVE TRANSACTION & PROCESS ETF,Blockchain & Crypto,,UNCLEAR,LOW
Thematic,LFSC US,F/M EMERALD LIFE SCIENCES INNOVATION ETF,General Thematic,Healthcare,MISMATCH,HIGH
Thematic,LIMI US,THEMES LITHIUM & BATTERY METAL MINERS ETF,Electric Car & Battery,Electric Car & Battery,OK,HIGH
Thematic,LIT US,GLOBAL X LITHIUM & BATTERY TECH ETF,Electric Car & Battery,Electric Car & Battery,OK,HIGH
Thematic,LITP US,SPROTT LITHIUM MINERS ETF,Electric Car & Battery,,UNCLEAR,LOW
Thematic,LOPP US,GABELLI LOVE OUR PLANET & PEOPLE ETF,Environment,,UNCLEAR,LOW
Thematic,LOUP US,INNOVATOR DEEPWATER FRONTIER TECH ETF,Artificial Intelligence,,UNCLEAR,LOW
Thematic,LRND US,NYLI US LARGE CAP R&D LEADERS ETF,Innovation,,UNCLEAR,LOW
Thematic,LRNZ US,ELEVATION SERIES TRUST - TRUESHARES TECHNOLOGY AI & DEEP LEARNING ETF,Artificial Intelligence,Artificial Intelligence,OK,HIGH
Thematic,MARS US,ROUNDHILL SPACE & TECHNOLOGY ETF,Space,Space,OK,HIGH
Thematic,MDEV US,FIRST TRUST INDXX MEDICAL DEVICES ETF,Healthcare,Healthcare,OK,HIGH
Thematic,MEDI US,HARBOR HEALTH CARE ETF,Healthcare,Healthcare,OK,HIGH
Thematic,MEDX US,HORIZON KINETICS MEDICAL ETF,Healthcare,Healthcare,OK,HIGH
Thematic,METV US,ROUNDHILL BALL METAVERSE ETF,Metaverse & Video Gaming,,UNCLEAR,LOW
Thematic,MGNR US,AMERICAN BEACON GLG NATURAL RESOURCES ETF,Natural Resources,Natural Resources,OK,HIGH
Thematic,MILN US,GLOBAL X FUNDS GLOBAL X MILLENNIAL CONSUMER ETF,Consumer,,UNCLEAR,LOW
Thematic,MINV US,MATTHEWS ASIA INNOVATORS ACTIVE ETF,Tech & Communications,,UNCLEAR,LOW
Thematic,MISL US,FIRST TRUST INDXX AEROSPACE & DEFENSE ETF,Defense,Defense,OK,HIGH
Thematic,MJ US,AMPLIFY ALTERNATIVE HARVEST ETF,Cannabis and Psychedelics,,UNCLEAR,LOW
Thematic,MLPA US,GLOBAL X MLP ETF,Infrastructure,,UNCLEAR,LOW
Thematic,MLPX US,GLOBAL X MLP & ENERGY INFRASTRUCTURE ETF,Infrastructure,Infrastructure,OK,HIGH
Thematic,MOO US,VANECK AGRIBUSINESS ETF,Agriculture,,UNCLEAR,LOW
Thematic,MOTO US,GUINNESS ATKINSON SMART TRANSPORTATION & TECHNOLOGY ETF,Electric Car & Battery,,UNCLEAR,LOW
Thematic,MSOS US,ADVISORSHARES PURE US CANNABIS ETF,Cannabis and Psychedelics,Cannabis and Psychedelics,OK,HIGH
Thematic,NANR US,STATE STREET SPDR S&P NORTH AMERICAN NATURAL RESOURCES ETF,Natural Resources,Natural Resources,OK,HIGH
Thematic,NASA US,TEMA SPACE INNOVATORS ETF,Space & Aerospace,Space,MISMATCH,HIGH
Thematic,NATO US,THEMES TRANSATLANTIC DEFENSE ETF,Defense,Defense,OK,HIGH
Thematic,NBDS US,NEUBERGER DISRUPTERS ETF,Innovation,,UNCLEAR,LOW
Thematic,NBET US,NEUBERGER ENERGY TRANSITION & INFRASTRUCTURE ETF,Infrastructure,Infrastructure,OK,HIGH
Thematic,NERD US,ROUNDHILL VIDEO GAMES ETF,Metaverse & Video Gaming,,UNCLEAR,LOW
Thematic,NFRA US,FLEXSHARES STOXX GLOBAL BROAD INFRASTRUCTURE INDEX FUND,Infrastructure,Infrastructure,OK,HIGH
Thematic,NLR US,VANECK URANIUM AND NUCLEAR ETF,Nuclear,Nuclear,OK,HIGH
Thematic,NRES US,XTRACKERS RREEF GLOBAL NATURAL RESOURCES ETF,Natural Resources,Natural Resources,OK,HIGH
Thematic,NUKZ US,RANGE NUCLEAR RENAISSANCE INDEX ETF,Nuclear,Nuclear,OK,HIGH
Thematic,NXTE US,AXS GREEN ALPHA ETF,Environment,,UNCLEAR,LOW
Thematic,NXTG US,FIRST TRUST INDXX NEXTG ETF,5G,,UNCLEAR,LOW
Thematic,NZAC US,STATE STREET SPDR MSCI ACWI CLIMATE PARIS ALIGNED ETF,Low Carbon,Low Carbon,OK,HIGH
Thematic,NZUS US,STATE STREET SPDR MSCI USA CLIMATE PARIS ALIGNED ETF,Low Carbon,Low Carbon,OK,HIGH
Thematic,OBOR US,KRANESHARES MSCI ONE BELT ONE ROAD INDEX ETF,Infrastructure,,UNCLEAR,LOW
Thematic,ODDS US,PACER BLUESTAR DIGITAL ENTERTAINMENT ETF,Sports & Esports,,UNCLEAR,LOW
Thematic,OGIG US,ALPS O'SHARES GLOBAL INTERNET GIANTS ETF,Tech & Communications,,UNCLEAR,LOW
Thematic,OND US,PROSHARES ON-DEMAND ETF,Consumer,,UNCLEAR,LOW
Thematic,ONLN US,PROSHARES ONLINE RETAIL ETF,Consumer,,UNCLEAR,LOW
Thematic,OZEM US,ROUNDHILL GLP-1 & WEIGHT LOSS ETF,Healthcare,,UNCLEAR,LOW
Thematic,PAVE US,GLOBAL X US INFRASTRUCTURE DEVELOPMENT ETF,Infrastructure,Infrastructure,OK,HIGH
Thematic,PAWZ US,PROSHARES PET CARE ETF,Consumer,,UNCLEAR,LOW
Thematic,PBD US,INVESCO GLOBAL CLEAN ENERGY ETF,Clean Energy,Clean Energy,OK,HIGH
Thematic,PBOT US,PICTET AI & AUTOMATION ETF,Artificial Intelligence,Artificial Intelligence,OK,HIGH
Thematic,PBW US,INVESCO WILDERHILL CLEAN ENERGY ETF,Clean Energy,Clean Energy,OK,HIGH
Thematic,PEJ US,INVESCO LEISURE & ENTERTAINMENT ETF,"Travel, Vacation & Leisure","Travel, Vacation & Leisure",OK,HIGH
Thematic,PFUT US,PUTNAM SUSTAINABLE FUTURE ETF,Environment,Environment,OK,MEDIUM
Thematic,PHO US,INVESCO WATER RESOURCES ETF,Water,Water,OK,HIGH
Thematic,PINK US,SIMPLIFY HEALTH CARE ETF,Healthcare,Healthcare,OK,HIGH
Thematic,PIO US,INVESCO GLOBAL WATER ETF,Water,Water,OK,HIGH
Thematic,PIPE US,INVESCO STEELPATH MLP & ENERGY INFRASTRUCTURE ETF,Infrastructure,Infrastructure,OK,HIGH
Thematic,PJBF US,PGIM JENNISON BETTER FUTURE ETF,Environment,,UNCLEAR,LOW
Thematic,PKB US,INVESCO BUILDING & CONSTRUCTION ETF,Infrastructure,,UNCLEAR,LOW
Thematic,POWA US,INVESCO BLOOMBERG PRICING POWER ETF,Strategy,,UNCLEAR,LOW
Thematic,PPA US,INVESCO AEROSPACE & DEFENSE ETF,Defense,Defense,OK,HIGH
Thematic,PPI US,ASTORIA REAL ASSETS ETF,Inflation,,UNCLEAR,LOW
Thematic,PSIL US,ADVISORSHARES PSYCHEDELICS ETF,Cannabis and Psychedelics,,UNCLEAR,LOW
Thematic,PSWD US,XTRACKERS CYBERSECURITY SELECT EQUITY ETF,Cybersecurity,Cybersecurity,OK,HIGH
Thematic,PWER US,NOMURA ENERGY TRANSITION ETF,Clean Energy,,UNCLEAR,LOW
Thematic,PWRD US,TCW TRANSFORM SYSTEMS ETF,Low Carbon,,UNCLEAR,LOW
Thematic,QCLN US,FIRST TRUST NASDAQ CLEAN EDGE GREEN ENERGY INDEX FUND,Clean Energy,,UNCLEAR,LOW
Thematic,QQQS US,INVESCO NASDAQ FUTURE GEN 200 ETF,Innovation,,UNCLEAR,LOW
Thematic,QTUM US,DEFIANCE QUANTUM ETF,Quantum Computing,,UNCLEAR,LOW
Thematic,RBLD US,FIRST TRUST ALERIAN US NEXTGEN INFRASTRUCTURE ETF,Infrastructure,Infrastructure,OK,HIGH
Thematic,RIFR US,RUSSELL INVESTMENTS GLOBAL INFRASTRUCTURE ETF,Infrastructure,Infrastructure,OK,HIGH
Thematic,RNRG US,GLOBAL X RENEWABLE ENERGY PRODUCERS ETF,Clean Energy,Clean Energy,OK,HIGH
Thematic,RNWZ US,ELEVATION SERIES TRUST - TRUESHARES EAGLE GLOBAL RENEWABLE ENERGY INCOME ETF,Clean Energy,Clean Energy,OK,HIGH
Thematic,ROBO US,ROBO GLOBAL ROBOTICS AND AUTOMATION INDEX ETF,Robotics & Automation,Robotics & Automation,OK,HIGH
Thematic,ROBT US,FIRST TRUST NASDAQ ARTIFICIAL INTELLIGENCE AND ROBOTICS ETF,Robotics & Automation,Robotics & Automation,OK,HIGH
Thematic,ROKT US,STATE STREET SPDR S&P KENSHO FINAL FRONTIERS ETF,Space,,UNCLEAR,LOW
Thematic,RSHO US,TEMA AMERICAN RESHORING ETF,Strategy,,UNCLEAR,LOW
Thematic,SAGP US,STRATEGAS GLOBAL POLICY OPPORTUNITIES ETF,Strategy,,UNCLEAR,LOW
Thematic,SCAP US,INFRASTRUCTURE CAPITAL SMALL CAP INCOME ETF,Infrastructure,Infrastructure,OK,HIGH
Thematic,SHE US,STATE STREET SPDR MSCI USA GENDER DIVERSITY ETF,Corporate Culture,,UNCLEAR,LOW
Thematic,SHLD US,GLOBAL X DEFENSE TECH ETF,Defense,Defense,OK,HIGH
Thematic,SHPP US,PACER INDUSTRIALS AND LOGISTICS ETF,Infrastructure,,UNCLEAR,LOW
Thematic,SIMS US,STATE STREET SPDR S&P KENSHO INTELLIGENT STRUCTURES ETF,Infrastructure,,UNCLEAR,LOW
Thematic,SKYY US,FIRST TRUST CLOUD COMPUTING ETF,Cloud Computing,Cloud Computing,OK,HIGH
Thematic,SNSR US,GLOBAL X INTERNET OF THINGS ETF,Tech & Communications,,UNCLEAR,LOW
Thematic,SOCL US,GLOBAL X SOCIAL MEDIA ETF,Tech & Communications,,UNCLEAR,LOW
Thematic,SOLR US,GUINNESS ATKINSON SUSTAINABLE ENERGY ETF,Clean Energy,Clean Energy,OK,HIGH
Thematic,SPAM US,THEMES CYBERSECURITY ETF,Cybersecurity,Cybersecurity,OK,HIGH
Thematic,SPAQ US,HORIZON KINETICS SPAC ACTIVE ETF,IPO & SPAC,IPO & SPAC,OK,HIGH
Thematic,SPCI US,TUTTLE CAPITAL SPACE INDUSTRY INCOME BLAST ETF,Space & Aerospace,Space,MISMATCH,HIGH
Thematic,SPCZ US,ELEVATION SERIES TRUST - RIVERNORTH ENHANCED PRE-MERGER SPAC ETF,IPO & SPAC,IPO & SPAC,OK,HIGH
Thematic,SPRX US,SPEAR ALPHA ETF,Innovation,,UNCLEAR,LOW
Thematic,SRVR US,PACER DATA & INFRASTRUCTURE REAL ESTATE ETF,Infrastructure,Infrastructure,OK,HIGH
Thematic,STXD US,STRIVE 1000 DIVIDEND GROWTH ETF,Strategy,,UNCLEAR,LOW
Thematic,SUPL US,PROSHARES SUPPLY CHAIN LOGISTICS ETF,Infrastructure,,UNCLEAR,LOW
Thematic,SUPP US,TCW TRANSFORM SUPPLY CHAIN ETF,Strategy,,UNCLEAR,LOW
Thematic,SURI US,SIMPLIFY PROPEL OPPORTUNITIES ETF,Healthcare,,UNCLEAR,LOW
Thematic,TAN US,INVESCO SOLAR ETF,Clean Energy,Clean Energy,OK,HIGH
Thematic,TCAI US,TORTOISE AI INFRASTRUCTURE ETF,Artificial Intelligence,Artificial Intelligence,OK,HIGH
Thematic,TCHI US,ISHARES MSCI CHINA MULTISECTOR TECH ETF,EM Tech,,UNCLEAR,LOW
Thematic,TEC US,HARBOR TRANSFORMATIVE TECHNOLOGIES ETF,Tech & Communications,,UNCLEAR,LOW
Thematic,TECB US,ISHARES U.S. TECH BREAKTHROUGH MULTISECTOR ETF,Tech & Communications,,UNCLEAR,LOW
Thematic,TEKX US,STATE STREET GALAXY TRANSFORMATIVE TECH ACCELERATORS ETF,Tech & Communications,,UNCLEAR,LOW
Thematic,TEKY US,LAZARD NEXT GEN TECHNOLOGIES ETF,General Thematic,,UNCLEAR,LOW
Thematic,TESL US,SIMPLIFY VOLT TSLA REVOLUTION ETF,Electric Car & Battery,,UNCLEAR,LOW
Thematic,THMZ US,LAZARD EQUITY MEGATRENDS ETF,General Thematic,,UNCLEAR,LOW
Thematic,THNQ US,ROBO GLOBAL ARTIFICIAL INTELLIGENCE ETF,Artificial Intelligence,Artificial Intelligence,OK,HIGH
Thematic,TIME US,CLOCKWISE U.S. CORE EQUITY ETF,Innovation,,UNCLEAR,LOW
Thematic,TINY US,PROSHARES NANOTECHNOLOGY ETF,Tech & Communications,,UNCLEAR,LOW
Thematic,TMAT US,MAIN THEMATIC INNOVATION ETF,Innovation,,UNCLEAR,LOW
Thematic,TNXT US,T ROWE PRICE INNOVATION LEADERS ETF,General Thematic,,UNCLEAR,LOW
Thematic,TOLL US,TEMA DURABLE QUALITY ETF,Strategy,,UNCLEAR,LOW
Thematic,TOLZ US,PROSHARES DJ BROOKFIELD GLOBAL INFRASTRUCTURE ETF,Infrastructure,Infrastructure,OK,HIGH
Thematic,TRFK US,PACER DATA AND DIGITAL REVOLUTION ETF,Tech & Communications,,UNCLEAR,LOW
Thematic,TRFM US,AAM TRANSFORMERS ETF,Consumer,,UNCLEAR,LOW
Thematic,UFO US,PROCURE SPACE ETF,Space,Space,OK,HIGH
Thematic,UPGR US,XTRACKERS US GREEN INFRASTRUCTURE SELECT EQUITY ETF,Infrastructure,Infrastructure,OK,HIGH
Thematic,URA US,GLOBAL X URANIUM ETF,Nuclear,Nuclear,OK,HIGH
Thematic,URAN US,THEMES URANIUM & NUCLEAR ETF,Nuclear,Nuclear,OK,HIGH
Thematic,URNJ US,SPROTT JUNIOR URANIUM MINERS ETF,Nuclear,Nuclear,OK,HIGH
Thematic,URNM US,SPROTT URANIUM MINERS ETF,Nuclear,Nuclear,OK,HIGH
Thematic,USAI US,PACER AMERICAN ENERGY INFRASTRUCTURE ETF,Infrastructure,Infrastructure,OK,HIGH
Thematic,USNZ US,XTRACKERS NET ZERO PATHWAY PARIS ALIGNED US EQUITY ETF,Low Carbon,Low Carbon,OK,HIGH
Thematic,VCLN US,VIRTUS DUFF & PHELPS CLEAN ENERGY ETF,Clean Energy,Clean Energy,OK,HIGH
Thematic,VEGI US,ISHARES MSCI AGRICULTURE PRODUCERS ETF,Agriculture,Agriculture,OK,HIGH
Thematic,VEGN US,US VEGAN CLIMATE ETF,Environment,Environment,OK,MEDIUM
Thematic,VERS US,PROSHARES METAVERSE ETF,Metaverse & Video Gaming,,UNCLEAR,LOW
Thematic,VICE US,ADVISORSHARES VICE ETF,Cannabis and Psychedelics,,UNCLEAR,LOW
Thematic,VRAI US,VIRTUS REAL ASSET INCOME ETF,Infrastructure,,UNCLEAR,LOW
Thematic,WAR US,US GLOBAL TECHNOLOGY AND AEROSPACE & DEFENSE ETF,Defense,Defense,OK,HIGH
Thematic,WCBR US,WISDOMTREE CYBERSECURITY FUND,Cybersecurity,Cybersecurity,OK,HIGH
Thematic,WCEO US,HYPATIA WOMEN CEO ETF,Corporate Culture,,UNCLEAR,LOW
Thematic,WCLD US,WISDOMTREE CLOUD COMPUTING FUND,Cloud Computing,Cloud Computing,OK,HIGH
Thematic,WDNA US,WISDOMTREE BIOREVOLUTION FUND,Healthcare,,UNCLEAR,LOW
Thematic,WEED US,ROUNDHILL CANNABIS ETF,Cannabis and Psychedelics,Cannabis and Psychedelics,OK,HIGH
Thematic,WISE US,THEMES GENERATIVE ARTIFICIAL INTELLIGENCE ETF,Artificial Intelligence,Artificial Intelligence,OK,HIGH
Thematic,WOMN US,IMPACT SHARES WOMEN'S EMPOWERMENT ETF,Corporate Culture,,UNCLEAR,LOW
Thematic,WOOD US,ISHARES GLOBAL TIMBER & FORESTRY ETF,Agriculture,Natural Resources,MISMATCH,HIGH
Thematic,WRND US,NYLI GLOBAL EQUITY R&D LEADERS ETF,General Thematic,,UNCLEAR,LOW
Thematic,WTAI US,WISDOMTREE ARTIFICIAL INTELLIGENCE AND INNOVATION FUND,Artificial Intelligence,Artificial Intelligence,OK,HIGH
Thematic,WUGI US,AXS ESOTERICA NEXTG ECONOMY ETF,5G,,UNCLEAR,LOW
Thematic,XAIX US,XTRACKERS ARTIFICIAL INTELLIGENCE AND BIG DATA ETF,Artificial Intelligence,Artificial Intelligence,OK,HIGH
Thematic,XAR US,STATE STREET SPDR S&P AEROSPACE & DEFENSE ETF,Defense,Defense,OK,HIGH
Thematic,XDAT US,FRANKLIN EXPONENTIAL DATA ETF,Tech & Communications,,UNCLEAR,LOW
Thematic,XDEF US,XTRACKERS EUROPE DEFENSE TECHNOLOGIES ETF,Defense,Defense,OK,HIGH
Thematic,XHB US,STATE STREET SPDR S&P HOMEBUILDERS ETF,Housing,,UNCLEAR,LOW
Thematic,XITK US,STATE STREET SPDR FACTSET INNOVATIVE TECHNOLOGY ETF,Tech & Communications,,UNCLEAR,LOW
Thematic,XOVR US,ERSHARES PRIVATE-PUBLIC CROSSOVER ETF,Corporate Culture,,UNCLEAR,LOW
Thematic,XPND US,FIRST TRUST EXPANDED TECHNOLOGY ETF,Tech & Communications,,UNCLEAR,LOW
Thematic,XSW US,STATE STREET SPDR S&P SOFTWARE & SERVICES ETF,Tech & Communications,,UNCLEAR,LOW
Thematic,XT US,ISHARES FUTURE EXPONENTIAL TECHNOLOGIES ETF,Innovation,,UNCLEAR,LOW
Thematic,XTL US,STATE STREET SPDR S&P TELECOM ETF,Tech & Communications,,UNCLEAR,LOW
Thematic,YOLO US,ADVISORSHARES PURE CANNABIS ETF,Cannabis and Psychedelics,Cannabis and Psychedelics,OK,HIGH
Thematic,ZSC US,USCF SUSTAINABLE COMMODITY STRATEGY FUND,Clean Energy,Natural Resources,MISMATCH,HIGH
